frase, situacao
"sinto uma dor muito forte no peito acompanhada de suor frio e falta de ar",alto risco
"meu braço esquerdo adormeceu de repente e minha boca está torta",alto risco
"estou com uma falta de ar intensa e não consigo puxar o ar direito",alto risco
"tive uma convulsão há poucos minutos e continuo tonta",alto risco
"estou sangrando muito após um corte profundo na perna",alto risco
"sinto uma dor de cabeça insuportável e estou vomitando muito",alto risco
"meu filho ingeriu um produto de limpeza por acidente",alto risco
"estou com febre muito alta acima de 40 graus e rigidez na nuca",alto risco
"sinto batedeiras e uma dor no peito que vai para o pescoço",alto risco
"estou expelindo sangue ao tossir e sentindo tontura forte",alto risco
"estou com uma pequena dor muscular nas costas após fazer exercício",baixo risco
"minha garganta está raspando um pouco desde hoje de manhã",baixo risco
"estou com corrimento nasal e espirrando bastante devido a alergia",baixo risco
"apareceu uma pequena mancha vermelha na minha pele que não coça",baixo risco
"estou com uma leve dor de cabeça por ter dormido mal",baixo risco
"cortei o dedo no papel e está saindo só uma gotinha de sangue",baixo risco
"sinto uma leve azia depois de comer refeição pesada",baixo risco
"estou com os olhos um pouco secos por trabalhar muito no computador",baixo risco
"bati o joelho na mesa e ficou um pequeno roxo sem dor forte",baixo risco
"estou com uma leve cólica abdominal no final do dia",baixo risco"