id_paciente,Age,Sex,ChestPainType,RestingBP,Cholesterol,FastingBS,RestingECG,MaxHR,ExerciseAngina,Oldpeak,ST_Slope,HeartDisease,spo2_pct,hrv_sdnn_ms,temp_corporal_c,dispositivo_iot,data_coleta
PAC-0001,40,M,ATA,140,289,0,Normal,172,N,0.0,Up,0,97.5,71.4,36.7,holter-C,2026-08-06
PAC-0002,49,F,NAP,160,180,0,Normal,156,N,1.0,Flat,1,93.4,14.4,36.5,wearable-B,2026-08-15
PAC-0003,37,M,ATA,130,283,0,ST,98,N,0.0,Up,0,98.1,51.2,37.0,wearable-A,2026-08-13
PAC-0004,48,F,ASY,138,214,0,Normal,108,Y,1.5,Flat,1,96.4,26.6,36.3,wearable-B,2026-08-17
PAC-0005,54,M,NAP,150,195,0,Normal,122,N,0.0,Up,0,94.1,56.4,36.4,wearable-A,2026-08-05
PAC-0006,39,M,NAP,120,339,0,Normal,170,N,0.0,Up,0,95.0,48.1,36.6,holter-C,2026-08-10
PAC-0007,45,F,ATA,130,237,0,Normal,170,N,0.0,Up,0,97.2,53.0,36.9,holter-C,2026-08-29
PAC-0008,54,M,ATA,110,208,0,Normal,142,N,0.0,Up,0,96.5,77.6,36.2,wearable-A,2026-08-04
PAC-0009,37,M,ASY,140,207,0,Normal,130,Y,1.5,Flat,1,95.0,35.0,36.2,holter-C,2026-08-20
PAC-0010,48,F,ATA,120,284,0,Normal,120,N,0.0,Up,0,95.7,60.0,36.0,holter-C,2026-08-20
PAC-0011,37,F,NAP,130,211,0,Normal,142,N,0.0,Up,0,98.3,52.2,36.6,wearable-B,2026-08-15
PAC-0012,58,M,ATA,136,164,0,ST,99,Y,2.0,Flat,1,96.2,37.9,36.3,wearable-A,2026-08-02
PAC-0013,39,M,ATA,120,204,0,Normal,145,N,0.0,Up,0,97.1,55.1,36.5,holter-C,2026-08-02
PAC-0014,49,M,ASY,140,234,0,Normal,140,Y,1.0,Flat,1,96.7,42.4,36.8,holter-C,2026-08-09
PAC-0015,42,F,NAP,115,211,0,ST,137,N,0.0,Up,0,97.7,69.0,36.4,holter-C,2026-08-04
PAC-0016,54,F,ATA,120,273,0,Normal,150,N,1.5,Flat,0,95.7,74.8,36.7,holter-C,2026-08-03
PAC-0017,38,M,ASY,110,196,0,Normal,166,N,0.0,Flat,1,95.6,40.7,36.5,holter-C,2026-08-05
PAC-0018,43,F,ATA,120,201,0,Normal,165,N,0.0,Up,0,95.6,62.1,36.8,holter-C,2026-08-06
PAC-0019,60,M,ASY,100,248,0,Normal,125,N,1.0,Flat,1,96.3,23.2,36.7,wearable-A,2026-08-26
PAC-0020,36,M,ATA,120,267,0,Normal,160,N,3.0,Flat,1,94.9,35.9,36.4,wearable-B,2026-08-20
PAC-0021,43,F,TA,100,223,0,Normal,142,N,0.0,Up,0,96.7,66.3,36.5,wearable-A,2026-08-01
PAC-0022,44,M,ATA,120,184,0,Normal,142,N,1.0,Flat,0,96.0,65.4,36.9,wearable-A,2026-08-19
PAC-0023,49,F,ATA,124,201,0,Normal,164,N,0.0,Up,0,98.8,57.5,36.7,holter-C,2026-08-05
PAC-0024,44,M,ATA,150,288,0,Normal,150,Y,3.0,Flat,1,94.8,47.6,36.2,holter-C,2026-08-13
PAC-0025,40,M,NAP,130,215,0,Normal,138,N,0.0,Up,0,96.4,60.9,36.8,wearable-B,2026-08-02
PAC-0026,36,M,NAP,130,209,0,Normal,178,N,0.0,Up,0,96.5,69.4,36.3,holter-C,2026-08-03
PAC-0027,53,M,ASY,124,260,0,ST,112,Y,3.0,Flat,0,97.8,58.5,37.0,wearable-A,2026-08-04
PAC-0028,52,M,ATA,120,284,0,Normal,118,N,0.0,Up,0,97.5,50.7,36.9,wearable-A,2026-08-14
PAC-0029,53,F,ATA,113,468,0,Normal,127,N,0.0,Up,0,97.6,59.0,36.7,holter-C,2026-08-14
PAC-0030,51,M,ATA,125,188,0,Normal,145,N,0.0,Up,0,97.6,19.8,36.6,wearable-B,2026-08-11
PAC-0031,53,M,NAP,145,518,0,Normal,130,N,0.0,Flat,1,98.2,41.6,36.5,wearable-B,2026-08-19
PAC-0032,56,M,NAP,130,167,0,Normal,114,N,0.0,Up,0,96.4,11.2,36.8,wearable-B,2026-08-22
PAC-0033,54,M,ASY,125,224,0,Normal,122,N,2.0,Flat,1,94.2,16.3,36.5,wearable-A,2026-08-22
PAC-0034,41,M,ASY,130,172,0,ST,130,N,2.0,Flat,1,93.8,42.4,36.7,holter-C,2026-08-18
PAC-0035,43,F,ATA,150,186,0,Normal,154,N,0.0,Up,0,97.9,60.7,36.9,holter-C,2026-08-17
PAC-0036,32,M,ATA,125,254,0,Normal,155,N,0.0,Up,0,98.7,41.1,36.4,holter-C,2026-08-15
PAC-0037,65,M,ASY,140,306,1,Normal,87,Y,1.5,Flat,1,94.8,28.5,36.4,wearable-B,2026-08-08
PAC-0038,41,F,ATA,110,250,0,ST,142,N,0.0,Up,0,95.7,71.4,36.2,wearable-B,2026-08-15
PAC-0039,48,F,ATA,120,177,1,ST,148,N,0.0,Up,0,95.8,49.2,36.3,holter-C,2026-08-01
PAC-0040,48,F,ASY,150,227,0,Normal,130,Y,1.0,Flat,0,98.0,81.9,36.1,wearable-B,2026-08-29
PAC-0041,54,F,ATA,150,230,0,Normal,130,N,0.0,Up,0,98.1,55.0,36.8,wearable-B,2026-08-12
PAC-0042,54,F,NAP,130,294,0,ST,100,Y,0.0,Flat,1,95.8,41.9,37.1,wearable-A,2026-08-23
PAC-0043,35,M,ATA,150,264,0,Normal,168,N,0.0,Up,0,96.0,74.4,37.0,wearable-B,2026-08-29
PAC-0044,52,M,NAP,140,259,0,ST,170,N,0.0,Up,0,97.3,56.6,36.1,wearable-B,2026-08-15
PAC-0045,43,M,ASY,120,175,0,Normal,120,Y,1.0,Flat,1,95.2,25.0,36.8,wearable-B,2026-08-26
PAC-0046,59,M,NAP,130,318,0,Normal,120,Y,1.0,Flat,0,97.3,53.7,37.0,wearable-A,2026-08-15
PAC-0047,37,M,ASY,120,223,0,Normal,168,N,0.0,Up,0,98.3,54.6,36.5,wearable-A,2026-08-04
PAC-0048,50,M,ATA,140,216,0,Normal,170,N,0.0,Up,0,97.3,38.6,36.6,holter-C,2026-08-01
PAC-0049,36,M,NAP,112,340,0,Normal,184,N,1.0,Flat,0,98.0,51.9,36.0,wearable-B,2026-08-05
PAC-0050,41,M,ASY,110,289,0,Normal,170,N,0.0,Flat,1,95.1,28.1,36.7,wearable-B,2026-08-29
PAC-0051,50,M,ASY,130,233,0,Normal,121,Y,2.0,Flat,1,95.4,48.1,36.3,wearable-B,2026-08-15
PAC-0052,47,F,ASY,120,205,0,Normal,98,Y,2.0,Flat,1,95.9,37.4,36.7,wearable-B,2026-08-10
PAC-0053,45,M,ATA,140,224,1,Normal,122,N,0.0,Up,0,94.8,51.6,36.1,holter-C,2026-08-14
PAC-0054,41,F,ATA,130,245,0,Normal,150,N,0.0,Up,0,96.5,53.7,36.8,wearable-A,2026-08-08
PAC-0055,52,F,ASY,130,180,0,Normal,140,Y,1.5,Flat,0,96.3,57.7,36.9,holter-C,2026-08-27
PAC-0056,51,F,ATA,160,194,0,Normal,170,N,0.0,Up,0,96.0,62.4,36.4,wearable-A,2026-08-30
PAC-0057,31,M,ASY,120,270,0,Normal,153,Y,1.5,Flat,1,94.6,25.0,36.3,wearable-B,2026-08-03
PAC-0058,58,M,NAP,130,213,0,ST,140,N,0.0,Flat,1,97.2,24.5,36.0,wearable-B,2026-08-22
PAC-0059,54,M,ASY,150,365,0,ST,134,N,1.0,Up,0,95.7,68.3,36.5,holter-C,2026-08-11
PAC-0060,52,M,ASY,112,342,0,ST,96,Y,1.0,Flat,1,96.5,32.1,36.4,wearable-A,2026-08-02
PAC-0061,49,M,ATA,100,253,0,Normal,174,N,0.0,Up,0,94.5,38.0,36.1,wearable-B,2026-08-28
PAC-0062,43,F,NAP,150,254,0,Normal,175,N,0.0,Up,0,96.5,60.3,36.7,wearable-A,2026-08-02
PAC-0063,45,M,ASY,140,224,0,Normal,144,N,0.0,Up,0,97.2,60.6,36.5,wearable-A,2026-08-07
PAC-0064,46,M,ASY,120,277,0,Normal,125,Y,1.0,Flat,1,95.9,18.6,36.3,holter-C,2026-08-01
PAC-0065,50,F,ATA,110,202,0,Normal,145,N,0.0,Up,0,98.1,57.8,36.4,holter-C,2026-08-15
PAC-0066,37,F,ATA,120,260,0,Normal,130,N,0.0,Up,0,98.2,63.8,36.9,wearable-B,2026-08-18
PAC-0067,45,F,ASY,132,297,0,Normal,144,N,0.0,Up,0,96.5,59.5,36.8,wearable-B,2026-08-10
PAC-0068,32,M,ATA,110,225,0,Normal,184,N,0.0,Up,0,96.3,62.6,36.6,wearable-B,2026-08-03
PAC-0069,52,M,ASY,160,246,0,ST,82,Y,4.0,Flat,1,96.3,20.1,36.8,wearable-A,2026-08-04
PAC-0070,44,M,ASY,150,412,0,Normal,170,N,0.0,Up,0,96.7,59.0,36.3,wearable-B,2026-08-29
PAC-0071,57,M,ATA,140,265,0,ST,145,Y,1.0,Flat,1,93.1,33.4,36.6,wearable-A,2026-08-25
PAC-0072,44,M,ATA,130,215,0,Normal,135,N,0.0,Up,0,95.3,49.2,36.6,holter-C,2026-08-29
PAC-0073,52,M,ASY,120,182,0,Normal,150,N,0.0,Flat,1,93.6,47.4,36.5,wearable-B,2026-08-16
PAC-0074,44,F,ASY,120,218,0,ST,115,N,0.0,Up,0,97.7,72.8,36.7,wearable-A,2026-08-17
PAC-0075,55,M,ASY,140,268,0,Normal,128,Y,1.5,Flat,1,95.2,58.5,36.4,wearable-B,2026-08-24
PAC-0076,46,M,NAP,150,163,0,Normal,116,N,0.0,Up,0,98.0,70.8,36.8,holter-C,2026-08-19
PAC-0077,32,M,ASY,118,529,0,Normal,130,N,0.0,Flat,1,94.4,35.7,36.8,wearable-A,2026-08-14
PAC-0078,35,F,ASY,140,167,0,Normal,150,N,0.0,Up,0,97.2,59.2,35.7,holter-C,2026-08-09
PAC-0079,52,M,ATA,140,100,0,Normal,138,Y,0.0,Up,0,97.9,64.2,37.0,wearable-B,2026-08-15
PAC-0080,49,M,ASY,130,206,0,Normal,170,N,0.0,Flat,1,94.5,38.5,35.7,wearable-B,2026-08-02
PAC-0081,55,M,NAP,110,277,0,Normal,160,N,0.0,Up,0,97.7,56.6,36.4,holter-C,2026-08-06
PAC-0082,54,M,ATA,120,238,0,Normal,154,N,0.0,Up,0,96.0,64.9,36.9,wearable-B,2026-08-23
PAC-0083,63,M,ASY,150,223,0,Normal,115,N,0.0,Flat,1,94.5,36.3,36.5,wearable-A,2026-08-27
PAC-0084,52,M,ATA,160,196,0,Normal,165,N,0.0,Up,0,96.4,46.2,36.2,holter-C,2026-08-04
PAC-0085,56,M,ASY,150,213,1,Normal,125,Y,1.0,Flat,1,93.2,32.0,36.3,wearable-A,2026-08-03
PAC-0086,66,M,ASY,140,139,0,Normal,94,Y,1.0,Flat,1,95.7,44.6,36.9,wearable-B,2026-08-03
PAC-0087,65,M,ASY,170,263,1,Normal,112,Y,2.0,Flat,1,94.3,37.0,36.0,holter-C,2026-08-24
PAC-0088,53,F,ATA,140,216,0,Normal,142,Y,2.0,Flat,0,97.0,59.1,36.9,wearable-B,2026-08-10
PAC-0089,43,M,TA,120,291,0,ST,155,N,0.0,Flat,1,95.7,45.0,36.6,holter-C,2026-08-10
PAC-0090,55,M,ASY,140,229,0,Normal,110,Y,0.5,Flat,0,97.7,50.5,36.2,wearable-B,2026-08-01
PAC-0091,49,F,ATA,110,208,0,Normal,160,N,0.0,Up,0,98.0,64.1,36.4,wearable-A,2026-08-30
PAC-0092,39,M,ASY,130,307,0,Normal,140,N,0.0,Up,0,96.9,59.5,36.3,wearable-A,2026-08-14
PAC-0093,52,F,ATA,120,210,0,Normal,148,N,0.0,Up,0,96.4,40.2,36.9,wearable-B,2026-08-24
PAC-0094,48,M,ASY,160,329,0,Normal,92,Y,1.5,Flat,1,94.9,54.3,36.8,wearable-A,2026-08-22
PAC-0095,39,F,NAP,110,182,0,ST,180,N,0.0,Up,0,94.5,49.0,36.1,wearable-B,2026-08-05
PAC-0096,58,M,ASY,130,263,0,Normal,140,Y,2.0,Flat,1,92.8,17.1,36.5,wearable-B,2026-08-25
PAC-0097,43,M,ATA,142,207,0,Normal,138,N,0.0,Up,0,95.0,42.5,36.3,holter-C,2026-08-17
PAC-0098,39,M,NAP,160,147,1,Normal,160,N,0.0,Up,0,95.5,42.7,37.0,wearable-A,2026-08-19
PAC-0099,56,M,ASY,120,85,0,Normal,140,N,0.0,Up,0,97.6,55.6,36.2,holter-C,2026-08-07
PAC-0100,41,M,ATA,125,269,0,Normal,144,N,0.0,Up,0,95.6,51.7,37.1,wearable-B,2026-08-26
PAC-0101,65,M,ASY,130,275,0,ST,115,Y,1.0,Flat,1,94.4,33.0,36.6,wearable-B,2026-08-28
PAC-0102,51,M,ASY,130,179,0,Normal,100,N,0.0,Up,0,98.9,62.4,36.3,wearable-B,2026-08-13
PAC-0103,40,F,ASY,150,392,0,Normal,130,N,2.0,Flat,1,94.5,41.1,36.4,wearable-A,2026-08-03
PAC-0104,40,M,ASY,120,466,1,Normal,152,Y,1.0,Flat,1,96.1,40.8,36.4,holter-C,2026-08-26
PAC-0105,46,M,ASY,118,186,0,Normal,124,N,0.0,Flat,1,93.6,41.9,36.2,wearable-A,2026-08-27
PAC-0106,57,M,ATA,140,260,1,Normal,140,N,0.0,Up,0,96.7,62.4,36.6,wearable-A,2026-08-16
PAC-0107,48,F,ASY,120,254,0,ST,110,N,0.0,Up,0,95.6,29.7,36.2,holter-C,2026-08-18
PAC-0108,34,M,ATA,150,214,0,ST,168,N,0.0,Up,0,96.5,50.6,35.9,wearable-B,2026-08-07
PAC-0109,50,M,ASY,140,129,0,Normal,135,N,0.0,Up,0,98.3,28.8,36.5,holter-C,2026-08-03
PAC-0110,39,M,ATA,190,241,0,Normal,106,N,0.0,Up,0,94.4,55.4,36.1,wearable-B,2026-08-29
PAC-0111,59,F,ATA,130,188,0,Normal,124,N,1.0,Flat,0,97.7,54.9,36.4,wearable-A,2026-08-15
PAC-0112,57,M,ASY,150,255,0,Normal,92,Y,3.0,Flat,1,95.4,49.5,36.3,wearable-A,2026-08-09
PAC-0113,47,M,ASY,140,276,1,Normal,125,Y,0.0,Up,0,96.1,69.3,36.3,wearable-B,2026-08-21
PAC-0114,38,M,ATA,140,297,0,Normal,150,N,0.0,Up,0,94.8,57.4,37.2,wearable-A,2026-08-01
PAC-0115,49,F,NAP,130,207,0,ST,135,N,0.0,Up,0,97.1,49.0,36.6,holter-C,2026-08-03
PAC-0116,33,F,ASY,100,246,0,Normal,150,Y,1.0,Flat,1,94.2,42.8,36.7,wearable-A,2026-08-08
PAC-0117,38,M,ASY,120,282,0,Normal,170,N,0.0,Flat,1,95.3,30.7,36.1,holter-C,2026-08-14
PAC-0118,59,F,ASY,130,338,1,ST,130,Y,1.5,Flat,1,95.0,37.0,36.4,wearable-A,2026-08-12
PAC-0119,35,F,TA,120,160,0,ST,185,N,0.0,Up,0,99.4,66.8,36.7,wearable-A,2026-08-06
PAC-0120,34,M,TA,140,156,0,Normal,180,N,0.0,Flat,1,94.6,30.3,36.3,wearable-A,2026-08-11
PAC-0121,47,F,NAP,135,248,1,Normal,170,N,0.0,Flat,1,93.5,46.7,36.9,wearable-A,2026-08-11
PAC-0122,52,F,NAP,125,272,0,Normal,139,N,0.0,Up,0,97.3,63.1,36.2,wearable-B,2026-08-16
PAC-0123,46,M,ASY,110,240,0,ST,140,N,0.0,Up,0,97.3,43.5,36.5,wearable-A,2026-08-17
PAC-0124,58,F,ATA,180,393,0,Normal,110,Y,1.0,Flat,1,97.0,48.7,36.4,wearable-B,2026-08-27
PAC-0125,58,M,ATA,130,230,0,Normal,150,N,0.0,Up,0,98.3,63.4,36.6,wearable-B,2026-08-25
PAC-0126,54,M,ATA,120,246,0,Normal,110,N,0.0,Up,0,97.5,56.2,36.4,wearable-A,2026-08-09
PAC-0127,34,F,ATA,130,161,0,Normal,190,N,0.0,Up,0,99.2,45.9,36.5,wearable-A,2026-08-28
PAC-0128,48,F,ASY,108,163,0,Normal,175,N,2.0,Up,0,95.2,44.7,36.5,wearable-A,2026-08-16
PAC-0129,54,F,ATA,120,230,1,Normal,140,N,0.0,Up,0,96.0,48.5,36.4,wearable-A,2026-08-06
PAC-0130,42,M,NAP,120,228,0,Normal,152,Y,1.5,Flat,0,95.6,61.5,36.7,wearable-A,2026-08-11
PAC-0131,38,M,NAP,145,292,0,Normal,130,N,0.0,Up,0,96.4,43.5,36.7,wearable-A,2026-08-23
PAC-0132,46,M,ASY,110,202,0,Normal,150,Y,0.0,Flat,1,92.9,42.3,36.6,wearable-B,2026-08-25
PAC-0133,56,M,ASY,170,388,0,ST,122,Y,2.0,Flat,1,96.0,22.1,36.5,wearable-A,2026-08-12
PAC-0134,56,M,ASY,150,230,0,ST,124,Y,1.5,Flat,1,94.7,34.6,36.8,wearable-A,2026-08-05
PAC-0135,61,F,ASY,130,294,0,ST,120,Y,1.0,Flat,0,94.8,56.3,36.5,wearable-B,2026-08-06
PAC-0136,49,M,NAP,115,265,0,Normal,175,N,0.0,Flat,1,93.5,66.3,36.5,wearable-B,2026-08-04
PAC-0137,43,F,ATA,120,215,0,ST,175,N,0.0,Up,0,97.5,38.5,36.6,wearable-A,2026-08-21
PAC-0138,39,M,ATA,120,241,0,ST,146,N,2.0,Up,0,98.3,72.7,37.1,wearable-A,2026-08-16
PAC-0139,54,M,ASY,140,166,0,Normal,118,Y,0.0,Flat,1,98.0,38.8,36.2,wearable-B,2026-08-14
PAC-0140,43,M,ASY,150,247,0,Normal,130,Y,2.0,Flat,1,99.4,41.9,36.8,wearable-A,2026-08-21
PAC-0141,52,M,ASY,160,331,0,Normal,94,Y,2.5,Flat,1,95.6,38.4,36.0,wearable-B,2026-08-25
PAC-0142,50,M,ASY,140,341,0,ST,125,Y,2.5,Flat,1,93.5,42.3,36.7,holter-C,2026-08-24
PAC-0143,47,M,ASY,160,291,0,ST,158,Y,3.0,Flat,1,91.8,35.2,37.1,wearable-B,2026-08-05
PAC-0144,53,M,ASY,140,243,0,Normal,155,N,0.0,Up,0,97.4,72.4,36.7,wearable-A,2026-08-18
PAC-0145,56,F,ATA,120,279,0,Normal,150,N,1.0,Flat,1,93.8,31.5,36.7,holter-C,2026-08-27
PAC-0146,39,M,ASY,110,273,0,Normal,132,N,0.0,Up,0,96.4,68.6,36.4,wearable-A,2026-08-24
PAC-0147,42,M,ATA,120,198,0,Normal,155,N,0.0,Up,0,96.1,47.3,36.6,wearable-A,2026-08-10
PAC-0148,43,F,ATA,120,249,0,ST,176,N,0.0,Up,0,96.8,54.3,36.5,wearable-A,2026-08-12
PAC-0149,50,M,ATA,120,168,0,Normal,160,N,0.0,Up,0,98.6,42.1,36.4,holter-C,2026-08-27
PAC-0150,54,M,ASY,130,603,1,Normal,125,Y,1.0,Flat,1,95.2,42.5,36.5,holter-C,2026-08-01
PAC-0151,39,M,ATA,130,215,0,Normal,120,N,0.0,Up,0,96.8,72.3,36.7,wearable-B,2026-08-16
PAC-0152,48,M,ATA,100,159,0,Normal,100,N,0.0,Up,0,95.4,54.1,36.4,wearable-B,2026-08-04
PAC-0153,40,M,ATA,130,275,0,Normal,150,N,0.0,Up,0,94.5,52.6,36.4,wearable-B,2026-08-27
PAC-0154,55,M,ASY,120,270,0,Normal,140,N,0.0,Up,0,96.3,41.6,36.2,wearable-B,2026-08-02
PAC-0155,41,M,ATA,120,291,0,ST,160,N,0.0,Up,0,96.9,52.2,36.7,wearable-B,2026-08-01
PAC-0156,56,M,ASY,155,342,1,Normal,150,Y,3.0,Flat,1,97.7,17.9,36.8,holter-C,2026-08-10
PAC-0157,38,M,ASY,110,190,0,Normal,150,Y,1.0,Flat,1,95.2,26.0,36.7,holter-C,2026-08-07
PAC-0158,49,M,ASY,140,185,0,Normal,130,N,0.0,Up,0,98.5,57.7,36.9,wearable-A,2026-08-15
PAC-0159,44,M,ASY,130,290,0,Normal,100,Y,2.0,Flat,1,94.3,52.8,36.6,wearable-B,2026-08-09
PAC-0160,54,M,ATA,160,195,0,ST,130,N,1.0,Up,0,95.2,88.7,36.7,holter-C,2026-08-11
PAC-0161,59,M,ASY,140,264,1,LVH,119,Y,0.0,Flat,1,93.6,30.0,36.7,wearable-B,2026-08-17
PAC-0162,49,M,ASY,128,212,0,Normal,96,Y,0.0,Flat,1,93.9,54.2,36.6,wearable-A,2026-08-17
PAC-0163,47,M,ATA,160,263,0,Normal,174,N,0.0,Up,0,100.0,57.9,36.4,holter-C,2026-08-29
PAC-0164,42,M,ATA,120,196,0,Normal,150,N,0.0,Up,0,95.8,53.2,37.3,wearable-B,2026-08-15
PAC-0165,52,F,ATA,140,225,0,Normal,140,N,0.0,Up,0,98.3,60.2,36.5,wearable-B,2026-08-17
PAC-0166,46,M,TA,140,272,1,Normal,175,N,2.0,Flat,1,93.6,37.7,36.4,wearable-B,2026-08-21
PAC-0167,50,M,ASY,140,231,0,ST,140,Y,5.0,Flat,1,96.4,38.3,36.7,wearable-A,2026-08-06
PAC-0168,48,M,ATA,140,238,0,Normal,118,N,0.0,Up,0,97.6,50.1,36.7,wearable-B,2026-08-21
PAC-0169,58,M,ASY,135,222,0,Normal,100,N,0.0,Up,0,96.8,38.2,36.2,wearable-B,2026-08-26
PAC-0170,58,M,NAP,140,179,0,Normal,160,N,0.0,Up,0,96.9,36.5,36.9,holter-C,2026-08-10
PAC-0171,29,M,ATA,120,243,0,Normal,160,N,0.0,Up,0,96.0,62.8,36.6,wearable-A,2026-08-06
PAC-0172,40,M,NAP,140,235,0,Normal,188,N,0.0,Up,0,97.7,51.7,36.3,wearable-A,2026-08-11
PAC-0173,53,M,ATA,140,320,0,Normal,162,N,0.0,Up,0,96.3,47.8,37.0,wearable-B,2026-08-09
PAC-0174,49,M,NAP,140,187,0,Normal,172,N,0.0,Up,0,95.2,55.1,36.8,holter-C,2026-08-18
PAC-0175,52,M,ASY,140,266,0,Normal,134,Y,2.0,Flat,1,93.1,46.5,36.2,wearable-B,2026-08-26
PAC-0176,43,M,ASY,140,288,0,Normal,135,Y,2.0,Flat,1,95.3,39.2,37.1,wearable-B,2026-08-18
PAC-0177,54,M,ASY,140,216,0,Normal,105,N,1.5,Flat,1,97.4,29.1,36.8,holter-C,2026-08-04
PAC-0178,59,M,ATA,140,287,0,Normal,150,N,0.0,Up,0,97.2,69.7,36.6,wearable-B,2026-08-10
PAC-0179,37,M,NAP,130,194,0,Normal,150,N,0.0,Up,0,96.8,74.0,37.1,wearable-A,2026-08-21
PAC-0180,46,F,ASY,130,238,0,Normal,90,N,0.0,Up,0,97.4,60.9,36.6,holter-C,2026-08-10
PAC-0181,52,M,ASY,130,225,0,Normal,120,Y,2.0,Flat,1,97.0,48.7,36.6,wearable-B,2026-08-18
PAC-0182,51,M,ATA,130,224,0,Normal,150,N,0.0,Up,0,97.3,69.9,36.4,wearable-A,2026-08-21
PAC-0183,52,M,ASY,140,404,0,Normal,124,Y,2.0,Flat,1,94.4,50.6,36.8,wearable-B,2026-08-10
PAC-0184,46,M,ASY,110,238,0,ST,140,Y,1.0,Flat,0,98.7,62.4,36.7,holter-C,2026-08-20
PAC-0185,54,F,ATA,160,312,0,Normal,130,N,0.0,Up,0,97.6,62.2,36.6,wearable-B,2026-08-12
PAC-0186,58,M,NAP,160,211,1,ST,92,N,0.0,Flat,1,97.3,43.2,36.4,wearable-B,2026-08-05
PAC-0187,58,M,ATA,130,251,0,Normal,110,N,0.0,Up,0,97.3,41.8,36.6,wearable-B,2026-08-12
PAC-0188,41,M,ASY,120,237,1,Normal,138,Y,1.0,Flat,1,93.2,45.4,36.6,holter-C,2026-08-14
PAC-0189,50,F,ASY,120,328,0,Normal,110,Y,1.0,Flat,0,94.9,38.7,36.2,holter-C,2026-08-01
PAC-0190,53,M,ASY,180,285,0,ST,120,Y,1.5,Flat,1,97.5,27.5,36.2,wearable-A,2026-08-27
PAC-0191,46,M,ASY,180,280,0,ST,120,N,0.0,Up,0,99.6,70.6,36.8,wearable-B,2026-08-16
PAC-0192,50,M,ATA,170,209,0,ST,116,N,0.0,Up,0,96.7,65.1,35.8,wearable-B,2026-08-02
PAC-0193,48,M,ATA,130,245,0,Normal,160,N,0.0,Up,0,96.4,72.8,36.7,wearable-A,2026-08-27
PAC-0194,45,M,NAP,135,192,0,Normal,110,N,0.0,Up,0,99.2,51.7,36.5,holter-C,2026-08-26
PAC-0195,41,F,ATA,125,184,0,Normal,180,N,0.0,Up,0,95.3,41.2,37.0,wearable-A,2026-08-01
PAC-0196,62,F,TA,160,193,0,Normal,116,N,0.0,Up,0,95.7,52.1,36.5,wearable-B,2026-08-05
PAC-0197,49,M,ASY,120,297,0,Normal,132,N,1.0,Flat,0,98.0,56.2,36.8,wearable-A,2026-08-11
PAC-0198,42,M,ATA,150,268,0,Normal,136,N,0.0,Up,0,96.4,55.9,36.5,wearable-A,2026-08-16
PAC-0199,53,M,ASY,120,246,0,Normal,116,Y,0.0,Flat,1,95.0,50.6,36.6,holter-C,2026-08-22
PAC-0200,57,F,TA,130,308,0,Normal,98,N,1.0,Flat,0,96.8,50.7,36.8,wearable-A,2026-08-13
PAC-0201,47,M,TA,110,249,0,Normal,150,N,0.0,Up,0,97.5,59.2,36.5,wearable-A,2026-08-19
PAC-0202,46,M,NAP,120,230,0,Normal,150,N,0.0,Up,0,99.1,43.1,36.9,holter-C,2026-08-01
PAC-0203,42,M,NAP,160,147,0,Normal,146,N,0.0,Up,0,97.1,60.4,36.3,holter-C,2026-08-20
PAC-0204,31,F,ATA,100,219,0,ST,150,N,0.0,Up,0,98.0,55.0,36.7,wearable-A,2026-08-28
PAC-0205,56,M,ATA,130,184,0,Normal,100,N,0.0,Up,0,93.9,46.0,36.9,wearable-A,2026-08-16
PAC-0206,50,M,ASY,150,215,0,Normal,140,Y,0.0,Up,0,96.9,52.2,36.8,holter-C,2026-08-14
PAC-0207,35,M,ATA,120,308,0,LVH,180,N,0.0,Up,0,95.7,52.8,37.2,holter-C,2026-08-09
PAC-0208,35,M,ATA,110,257,0,Normal,140,N,0.0,Flat,1,93.2,33.8,36.4,holter-C,2026-08-29
PAC-0209,28,M,ATA,130,132,0,LVH,185,N,0.0,Up,0,95.7,76.3,36.2,wearable-B,2026-08-01
PAC-0210,54,M,ASY,125,216,0,Normal,140,N,0.0,Flat,1,94.5,35.8,36.3,wearable-A,2026-08-09
PAC-0211,48,M,ASY,106,263,1,Normal,110,N,0.0,Flat,1,96.4,34.1,36.8,holter-C,2026-08-05
PAC-0212,50,F,NAP,140,288,0,Normal,140,Y,0.0,Flat,1,93.0,11.8,36.7,wearable-A,2026-08-26
PAC-0213,56,M,NAP,130,276,0,Normal,128,Y,1.0,Up,0,97.0,44.3,36.6,wearable-A,2026-08-15
PAC-0214,56,F,NAP,130,219,0,ST,164,N,0.0,Up,0,96.3,51.8,36.3,holter-C,2026-08-28
PAC-0215,47,M,ASY,150,226,0,Normal,98,Y,1.5,Flat,1,94.5,28.8,36.8,wearable-B,2026-08-20
PAC-0216,30,F,TA,170,237,0,ST,170,N,0.0,Up,0,98.5,71.6,36.2,wearable-A,2026-08-17
PAC-0217,39,M,ASY,110,280,0,Normal,150,N,0.0,Flat,1,95.8,35.0,36.9,wearable-A,2026-08-16
PAC-0218,54,M,NAP,120,217,0,Normal,137,N,0.0,Up,0,99.0,70.5,37.5,wearable-B,2026-08-07
PAC-0219,55,M,ATA,140,196,0,Normal,150,N,0.0,Up,0,96.8,55.7,36.7,wearable-A,2026-08-17
PAC-0220,29,M,ATA,140,263,0,Normal,170,N,0.0,Up,0,96.0,55.4,36.8,holter-C,2026-08-21
PAC-0221,46,M,ASY,130,222,0,Normal,112,N,0.0,Flat,1,94.7,35.9,36.5,wearable-B,2026-08-29
PAC-0222,51,F,ASY,160,303,0,Normal,150,Y,1.0,Flat,1,95.4,37.0,36.1,wearable-B,2026-08-17
PAC-0223,48,F,NAP,120,195,0,Normal,125,N,0.0,Up,0,97.3,75.6,36.4,wearable-B,2026-08-29
PAC-0224,33,M,NAP,120,298,0,Normal,185,N,0.0,Up,0,95.4,27.2,36.3,wearable-B,2026-08-29
PAC-0225,55,M,ATA,120,256,1,Normal,137,N,0.0,Up,0,97.1,31.0,36.2,wearable-B,2026-08-16
PAC-0226,50,M,ASY,145,264,0,Normal,150,N,0.0,Flat,1,95.3,30.5,37.1,holter-C,2026-08-14
PAC-0227,53,M,NAP,120,195,0,Normal,140,N,0.0,Up,0,100.0,55.2,36.7,wearable-B,2026-08-05
PAC-0228,38,M,ASY,92,117,0,Normal,134,Y,2.5,Flat,1,97.8,45.3,36.7,wearable-B,2026-08-09
PAC-0229,41,M,ATA,120,295,0,Normal,170,N,0.0,Up,0,95.7,60.7,36.5,wearable-B,2026-08-27
PAC-0230,37,F,ASY,130,173,0,ST,184,N,0.0,Up,0,96.6,50.4,36.5,wearable-A,2026-08-05
PAC-0231,37,M,ASY,130,315,0,Normal,158,N,0.0,Up,0,94.8,67.2,36.9,holter-C,2026-08-12
PAC-0232,40,M,NAP,130,281,0,Normal,167,N,0.0,Up,0,96.1,67.4,36.6,wearable-B,2026-08-21
PAC-0233,38,F,ATA,120,275,0,Normal,129,N,0.0,Up,0,97.5,57.2,36.8,holter-C,2026-08-08
PAC-0234,41,M,ASY,112,250,0,Normal,142,N,0.0,Up,0,98.8,66.6,36.5,holter-C,2026-08-30
PAC-0235,54,F,ATA,140,309,0,ST,140,N,0.0,Up,0,95.9,58.3,36.5,holter-C,2026-08-20
PAC-0236,39,M,ATA,120,200,0,Normal,160,Y,1.0,Flat,0,96.0,48.3,36.2,holter-C,2026-08-01
PAC-0237,41,M,ASY,120,336,0,Normal,118,Y,3.0,Flat,1,91.8,45.4,36.0,holter-C,2026-08-08
PAC-0238,55,M,TA,140,295,0,Normal,136,N,0.0,Flat,1,94.8,38.3,36.5,wearable-B,2026-08-23
PAC-0239,48,M,ASY,160,355,0,Normal,99,Y,2.0,Flat,1,93.4,37.0,36.6,holter-C,2026-08-26
PAC-0240,48,M,ASY,160,193,0,Normal,102,Y,3.0,Flat,1,94.2,54.7,36.2,wearable-A,2026-08-28
PAC-0241,55,M,ATA,145,326,0,Normal,155,N,0.0,Up,0,95.7,25.6,36.6,holter-C,2026-08-26
PAC-0242,54,M,ASY,200,198,0,Normal,142,Y,2.0,Flat,1,94.9,20.0,36.6,wearable-A,2026-08-03
PAC-0243,55,M,ATA,160,292,1,Normal,143,Y,2.0,Flat,1,92.4,22.8,36.0,holter-C,2026-08-22
PAC-0244,43,F,ATA,120,266,0,Normal,118,N,0.0,Up,0,94.8,50.6,36.3,wearable-A,2026-08-04
PAC-0245,48,M,ASY,160,268,0,Normal,103,Y,1.0,Flat,1,98.2,33.9,36.7,wearable-B,2026-08-03
PAC-0246,54,M,TA,120,171,0,Normal,137,N,2.0,Up,0,95.1,36.9,36.7,wearable-A,2026-08-21
PAC-0247,54,M,NAP,120,237,0,Normal,150,Y,1.5,Flat,1,93.4,25.2,36.3,wearable-A,2026-08-15
PAC-0248,48,M,ASY,122,275,1,ST,150,Y,2.0,Down,1,97.8,26.7,36.6,holter-C,2026-08-20
PAC-0249,45,M,ASY,130,219,0,ST,130,Y,1.0,Flat,1,99.4,66.5,36.9,holter-C,2026-08-26
PAC-0250,49,M,ASY,130,341,0,Normal,120,Y,1.0,Flat,1,93.2,58.6,36.8,wearable-A,2026-08-03
PAC-0251,44,M,ASY,135,491,0,Normal,135,N,0.0,Flat,1,94.4,32.1,36.6,wearable-A,2026-08-16
PAC-0252,48,M,ASY,120,260,0,Normal,115,N,2.0,Flat,1,95.5,32.6,36.5,holter-C,2026-08-26
PAC-0253,61,M,ASY,125,292,0,ST,115,Y,0.0,Up,0,99.6,41.2,36.4,holter-C,2026-08-14
PAC-0254,62,M,ATA,140,271,0,Normal,152,N,1.0,Up,0,95.5,32.1,36.7,wearable-A,2026-08-16
PAC-0255,55,M,ASY,145,248,0,Normal,96,Y,2.0,Flat,1,94.6,35.6,36.7,wearable-B,2026-08-15
PAC-0256,53,F,NAP,120,274,0,Normal,130,N,0.0,Up,0,98.2,43.0,36.8,wearable-A,2026-08-28
PAC-0257,55,F,ATA,130,394,0,LVH,150,N,0.0,Up,0,97.7,54.0,36.6,holter-C,2026-08-02
PAC-0258,36,M,NAP,150,160,0,Normal,172,N,0.0,Up,0,96.4,35.8,36.8,wearable-B,2026-08-27
PAC-0259,51,F,NAP,150,200,0,Normal,120,N,0.5,Up,0,96.8,45.9,36.6,wearable-A,2026-08-25
PAC-0260,55,F,ATA,122,320,0,Normal,155,N,0.0,Up,0,94.9,56.8,36.8,wearable-A,2026-08-25
PAC-0261,46,M,ATA,140,275,0,Normal,165,Y,0.0,Up,0,96.6,59.4,36.9,wearable-B,2026-08-13
PAC-0262,54,F,ATA,120,221,0,Normal,138,N,1.0,Up,0,96.6,60.0,36.4,holter-C,2026-08-16
PAC-0263,46,M,ASY,120,231,0,Normal,115,Y,0.0,Flat,1,95.3,21.2,36.1,wearable-A,2026-08-12
PAC-0264,59,M,ASY,130,126,0,Normal,125,N,0.0,Flat,1,94.2,47.3,37.1,holter-C,2026-08-08
PAC-0265,47,M,NAP,140,193,0,Normal,145,Y,1.0,Flat,1,95.7,27.4,36.7,wearable-B,2026-08-27
PAC-0266,54,M,ATA,160,305,0,Normal,175,N,0.0,Up,0,98.5,62.6,36.1,holter-C,2026-08-16
PAC-0267,52,M,ASY,130,298,0,Normal,110,Y,1.0,Flat,1,95.2,36.9,36.4,holter-C,2026-08-22
PAC-0268,34,M,ATA,98,220,0,Normal,150,N,0.0,Up,0,97.5,38.5,36.8,wearable-A,2026-08-04
PAC-0269,54,M,ASY,130,242,0,Normal,91,Y,1.0,Flat,1,95.1,33.2,36.5,wearable-A,2026-08-24
PAC-0270,47,F,NAP,130,235,0,Normal,145,N,2.0,Flat,0,97.0,59.4,36.4,holter-C,2026-08-20
PAC-0271,45,M,ASY,120,225,0,Normal,140,N,0.0,Up,0,95.9,62.4,37.0,wearable-A,2026-08-30
PAC-0272,32,F,ATA,105,198,0,Normal,165,N,0.0,Up,0,97.5,53.3,36.3,wearable-A,2026-08-05
PAC-0273,55,M,ASY,140,201,0,Normal,130,Y,3.0,Flat,1,94.9,55.4,36.4,wearable-B,2026-08-17
PAC-0274,55,M,NAP,120,220,0,LVH,134,N,0.0,Up,0,100.0,67.1,36.7,holter-C,2026-08-16
PAC-0275,45,F,ATA,180,295,0,Normal,180,N,0.0,Up,0,99.4,51.9,36.7,holter-C,2026-08-17
PAC-0276,59,M,NAP,180,213,0,Normal,100,N,0.0,Up,0,97.6,64.0,36.7,wearable-B,2026-08-02
PAC-0277,51,M,NAP,135,160,0,Normal,150,N,2.0,Flat,1,93.9,60.2,36.9,wearable-A,2026-08-15
PAC-0278,52,M,ASY,170,223,0,Normal,126,Y,1.5,Flat,1,93.3,60.5,36.7,wearable-B,2026-08-09
PAC-0279,57,F,ASY,180,347,0,ST,126,Y,0.8,Flat,0,98.8,40.3,36.7,holter-C,2026-08-19
PAC-0280,54,F,ATA,130,253,0,ST,155,N,0.0,Up,0,97.4,43.9,36.5,wearable-A,2026-08-07
PAC-0281,60,M,NAP,120,246,0,LVH,135,N,0.0,Up,0,97.7,72.8,36.6,wearable-B,2026-08-14
PAC-0282,49,M,ASY,150,222,0,Normal,122,N,2.0,Flat,1,92.4,24.3,36.6,wearable-A,2026-08-19
PAC-0283,51,F,NAP,130,220,0,Normal,160,Y,2.0,Up,0,98.4,39.1,36.7,wearable-A,2026-08-02
PAC-0284,55,F,ATA,110,344,0,ST,160,N,0.0,Up,0,97.7,49.2,36.8,wearable-A,2026-08-24
PAC-0285,42,M,ASY,140,358,0,Normal,170,N,0.0,Up,0,95.3,60.0,36.8,holter-C,2026-08-22
PAC-0286,51,F,NAP,110,190,0,Normal,120,N,0.0,Up,0,96.3,53.8,36.6,holter-C,2026-08-02
PAC-0287,59,M,ASY,140,169,0,Normal,140,N,0.0,Up,0,97.4,47.2,36.4,wearable-A,2026-08-02
PAC-0288,53,M,ATA,120,181,0,Normal,132,N,0.0,Up,0,97.1,46.9,36.6,holter-C,2026-08-26
PAC-0289,48,F,ATA,133,308,0,ST,156,N,2.0,Up,0,96.6,46.5,36.6,wearable-B,2026-08-09
PAC-0290,36,M,ATA,120,166,0,Normal,180,N,0.0,Up,0,96.8,44.4,36.7,holter-C,2026-08-26
PAC-0291,48,M,NAP,110,211,0,Normal,138,N,0.0,Up,0,96.6,82.4,37.3,holter-C,2026-08-15
PAC-0292,47,F,ATA,140,257,0,Normal,135,N,1.0,Up,0,97.2,58.6,36.4,wearable-A,2026-08-11
PAC-0293,53,M,ASY,130,182,0,Normal,148,N,0.0,Up,0,99.2,65.6,36.7,holter-C,2026-08-09
PAC-0294,65,M,ASY,115,0,0,Normal,93,Y,0.0,Flat,1,91.2,31.1,36.9,wearable-B,2026-08-20
PAC-0295,32,M,TA,95,0,1,Normal,127,N,0.7,Up,1,94.6,34.8,36.6,wearable-A,2026-08-04
PAC-0296,61,M,ASY,105,0,1,Normal,110,Y,1.5,Up,1,95.3,28.4,37.3,wearable-A,2026-08-13
PAC-0297,50,M,ASY,145,0,1,Normal,139,Y,0.7,Flat,1,95.4,10.0,36.5,holter-C,2026-08-11
PAC-0298,57,M,ASY,110,0,1,ST,131,Y,1.4,Up,1,94.4,20.5,36.7,wearable-B,2026-08-05
PAC-0299,51,M,ASY,110,0,1,Normal,92,N,0.0,Flat,1,92.4,15.3,36.4,wearable-B,2026-08-11
PAC-0300,47,M,ASY,110,0,1,ST,149,N,2.1,Up,1,95.5,10.0,36.5,wearable-A,2026-08-16
PAC-0301,60,M,ASY,160,0,1,Normal,149,N,0.4,Flat,1,97.6,22.7,36.7,holter-C,2026-08-21
PAC-0302,55,M,ATA,140,0,0,ST,150,N,0.2,Up,0,94.7,70.9,36.9,wearable-A,2026-08-03
PAC-0303,53,M,ASY,125,0,1,Normal,120,N,1.5,Up,1,96.3,36.5,36.7,wearable-A,2026-08-27
PAC-0304,62,F,ASY,120,0,1,ST,123,Y,1.7,Down,1,94.5,52.5,37.0,wearable-B,2026-08-27
PAC-0305,51,M,ASY,95,0,1,Normal,126,N,2.2,Flat,1,94.9,41.9,36.6,holter-C,2026-08-21
PAC-0306,51,F,ASY,120,0,1,Normal,127,Y,1.5,Up,1,93.4,46.4,36.5,wearable-A,2026-08-28
PAC-0307,55,M,ASY,115,0,1,Normal,155,N,0.1,Flat,1,94.5,26.2,37.4,wearable-A,2026-08-13
PAC-0308,53,M,ATA,130,0,0,ST,120,N,0.7,Down,0,99.0,61.3,36.7,wearable-B,2026-08-25
PAC-0309,58,M,ASY,115,0,1,Normal,138,N,0.5,Up,1,95.9,45.7,36.4,wearable-A,2026-08-22
PAC-0310,57,M,ASY,95,0,1,Normal,182,N,0.7,Down,1,97.6,30.1,36.4,wearable-B,2026-08-17
PAC-0311,65,M,ASY,155,0,0,Normal,154,N,1.0,Up,0,98.8,61.7,36.3,wearable-A,2026-08-06
PAC-0312,60,M,ASY,125,0,1,Normal,110,N,0.1,Up,1,95.7,43.8,36.9,wearable-A,2026-08-17
PAC-0313,41,M,ASY,125,0,1,Normal,176,N,1.6,Up,1,97.6,30.4,36.5,wearable-A,2026-08-28
PAC-0314,34,M,ASY,115,0,1,Normal,154,N,0.2,Up,1,95.7,23.5,36.6,holter-C,2026-08-30
PAC-0315,53,M,ASY,80,0,0,Normal,141,Y,2.0,Down,0,98.2,40.8,36.6,holter-C,2026-08-14
PAC-0316,74,M,ATA,145,0,1,ST,123,N,1.3,Up,1,94.6,38.0,36.8,wearable-B,2026-08-08
PAC-0317,57,M,NAP,105,0,1,Normal,148,N,0.3,Flat,1,95.1,40.9,36.3,wearable-B,2026-08-23
PAC-0318,56,M,ASY,140,0,1,Normal,121,Y,1.8,Up,1,94.0,27.5,36.3,holter-C,2026-08-03
PAC-0319,61,M,ASY,130,0,1,Normal,77,N,2.5,Flat,1,96.5,37.3,36.7,wearable-A,2026-08-05
PAC-0320,68,M,ASY,145,0,1,Normal,136,N,1.8,Up,1,93.2,43.8,36.8,wearable-B,2026-08-17
PAC-0321,59,M,NAP,125,0,1,Normal,175,N,2.6,Flat,1,96.2,44.4,36.7,holter-C,2026-08-30
PAC-0322,63,M,ASY,100,0,1,Normal,109,N,-0.9,Flat,1,94.7,55.6,36.4,holter-C,2026-08-10
PAC-0323,38,F,ASY,105,0,1,Normal,166,N,2.8,Up,1,96.8,52.3,36.8,wearable-A,2026-08-14
PAC-0324,62,M,ASY,115,0,1,Normal,128,Y,2.5,Down,1,96.1,25.0,36.4,holter-C,2026-08-10
PAC-0325,46,M,ASY,100,0,1,ST,133,N,-2.6,Flat,1,97.7,57.2,36.4,wearable-B,2026-08-14
PAC-0326,42,M,ASY,105,0,1,Normal,128,Y,-1.5,Down,1,96.1,30.6,36.3,holter-C,2026-08-01
PAC-0327,45,M,NAP,110,0,0,Normal,138,N,-0.1,Up,0,94.6,67.5,37.0,wearable-A,2026-08-18
PAC-0328,59,M,ASY,125,0,1,Normal,119,Y,0.9,Up,1,94.9,37.8,36.8,wearable-B,2026-08-18
PAC-0329,52,M,ASY,95,0,1,Normal,82,Y,0.8,Flat,1,93.2,32.1,36.8,holter-C,2026-08-10
PAC-0330,60,M,ASY,130,0,1,ST,130,Y,1.1,Down,1,94.2,15.3,37.0,wearable-A,2026-08-08
PAC-0331,60,M,NAP,115,0,1,Normal,143,N,2.4,Up,1,97.3,34.9,37.4,holter-C,2026-08-23
PAC-0332,56,M,ASY,115,0,1,ST,82,N,-1.0,Up,1,96.0,18.3,36.1,wearable-A,2026-08-06
PAC-0333,38,M,NAP,100,0,0,Normal,179,N,-1.1,Up,0,96.0,66.6,36.4,holter-C,2026-08-02
PAC-0334,40,M,ASY,95,0,1,ST,144,N,0.0,Up,1,93.5,55.2,36.4,wearable-B,2026-08-02
PAC-0335,51,M,ASY,130,0,1,Normal,170,N,-0.7,Up,1,95.0,27.4,36.3,wearable-A,2026-08-27
PAC-0336,62,M,TA,120,0,1,LVH,134,N,-0.8,Flat,1,93.2,40.6,36.3,wearable-A,2026-08-11
PAC-0337,72,M,NAP,160,0,0,LVH,114,N,1.6,Flat,0,96.0,46.3,36.5,holter-C,2026-08-04
PAC-0338,63,M,ASY,150,0,1,ST,154,N,3.7,Up,1,95.5,29.5,36.2,wearable-A,2026-08-27
PAC-0339,63,M,ASY,140,0,1,LVH,149,N,2.0,Up,1,96.7,46.3,36.7,wearable-B,2026-08-05
PAC-0340,64,F,ASY,95,0,1,Normal,145,N,1.1,Down,1,95.9,36.5,36.6,wearable-A,2026-08-11
PAC-0341,43,M,ASY,100,0,1,Normal,122,N,1.5,Down,1,91.6,57.9,36.7,holter-C,2026-08-01
PAC-0342,64,M,ASY,110,0,1,Normal,114,Y,1.3,Down,1,95.5,31.2,36.8,wearable-B,2026-08-21
PAC-0343,61,M,ASY,110,0,1,Normal,113,N,1.4,Flat,1,95.1,49.0,36.8,holter-C,2026-08-21
PAC-0344,52,M,ASY,130,0,1,Normal,120,N,0.0,Flat,1,95.6,38.2,36.5,wearable-A,2026-08-23
PAC-0345,51,M,ASY,120,0,1,Normal,104,N,0.0,Flat,1,97.4,46.5,37.2,wearable-A,2026-08-08
PAC-0346,69,M,ASY,135,0,0,Normal,130,N,0.0,Flat,1,91.9,31.6,36.7,wearable-B,2026-08-10
PAC-0347,59,M,ASY,120,0,0,Normal,115,N,0.0,Flat,1,94.1,36.4,36.0,wearable-B,2026-08-29
PAC-0348,48,M,ASY,115,0,1,Normal,128,N,0.0,Flat,1,95.9,35.6,36.3,holter-C,2026-08-25
PAC-0349,69,M,ASY,137,0,0,ST,104,Y,1.6,Flat,1,92.6,27.0,36.1,holter-C,2026-08-02
PAC-0350,36,M,ASY,110,0,1,Normal,125,Y,1.0,Flat,1,97.2,44.9,36.6,holter-C,2026-08-21
PAC-0351,53,M,ASY,120,0,1,Normal,120,N,0.0,Flat,1,95.6,44.8,36.6,wearable-A,2026-08-25
PAC-0352,43,M,ASY,140,0,0,ST,140,Y,0.5,Up,1,96.3,44.1,36.5,wearable-A,2026-08-17
PAC-0353,56,M,ASY,120,0,0,ST,100,Y,-1.0,Down,1,94.1,55.4,37.2,holter-C,2026-08-20
PAC-0354,58,M,ASY,130,0,0,ST,100,Y,1.0,Flat,1,96.2,54.4,36.8,wearable-B,2026-08-01
PAC-0355,55,M,ASY,120,0,0,ST,92,N,0.3,Up,1,96.6,32.5,36.8,holter-C,2026-08-01
PAC-0356,67,M,TA,145,0,0,LVH,125,N,0.0,Flat,1,95.3,41.5,36.3,wearable-B,2026-08-02
PAC-0357,46,M,ASY,115,0,0,Normal,113,Y,1.5,Flat,1,95.4,29.5,36.3,wearable-A,2026-08-05
PAC-0358,53,M,ATA,120,0,0,Normal,95,N,0.0,Flat,1,95.4,37.3,36.6,wearable-B,2026-08-30
PAC-0359,38,M,NAP,115,0,0,Normal,128,Y,0.0,Flat,1,93.7,29.8,36.7,holter-C,2026-08-20
PAC-0360,53,M,NAP,105,0,0,Normal,115,N,0.0,Flat,1,94.8,56.4,36.0,wearable-B,2026-08-24
PAC-0361,62,M,NAP,160,0,0,Normal,72,Y,0.0,Flat,1,94.8,41.4,36.5,wearable-A,2026-08-09
PAC-0362,47,M,ASY,160,0,0,Normal,124,Y,0.0,Flat,1,95.6,34.4,36.6,wearable-A,2026-08-29
PAC-0363,56,M,NAP,155,0,0,ST,99,N,0.0,Flat,1,96.5,51.3,36.5,holter-C,2026-08-06
PAC-0364,56,M,ASY,120,0,0,ST,148,N,0.0,Flat,1,93.4,11.0,36.4,holter-C,2026-08-28
PAC-0365,56,M,NAP,120,0,0,Normal,97,N,0.0,Flat,0,96.8,30.8,36.4,holter-C,2026-08-01
PAC-0366,64,F,ASY,200,0,0,Normal,140,Y,1.0,Flat,1,97.2,46.6,36.5,wearable-A,2026-08-01
PAC-0367,61,M,ASY,150,0,0,Normal,117,Y,2.0,Flat,1,93.9,37.7,36.6,wearable-B,2026-08-03
PAC-0368,68,M,ASY,135,0,0,ST,120,Y,0.0,Up,1,93.8,40.0,36.8,holter-C,2026-08-24
PAC-0369,57,M,ASY,140,0,0,Normal,120,Y,2.0,Flat,1,95.3,21.1,36.9,wearable-B,2026-08-08
PAC-0370,63,M,ASY,150,0,0,Normal,86,Y,2.0,Flat,1,96.3,36.7,36.5,wearable-B,2026-08-14
PAC-0371,60,M,ASY,135,0,0,Normal,63,Y,0.5,Up,1,95.0,61.0,36.5,wearable-B,2026-08-15
PAC-0372,66,M,ASY,150,0,0,Normal,108,Y,2.0,Flat,1,97.0,46.9,36.7,wearable-A,2026-08-24
PAC-0373,63,M,ASY,185,0,0,Normal,98,Y,0.0,Up,1,96.3,39.0,36.8,wearable-A,2026-08-11
PAC-0374,59,M,ASY,135,0,0,Normal,115,Y,1.0,Flat,1,96.3,31.7,36.5,holter-C,2026-08-01
PAC-0375,61,M,ASY,125,0,0,Normal,105,Y,0.0,Down,1,95.8,32.3,36.8,wearable-A,2026-08-12
PAC-0376,73,F,NAP,160,0,0,ST,121,N,0.0,Up,1,98.5,11.4,36.9,wearable-A,2026-08-09
PAC-0377,47,M,NAP,155,0,0,Normal,118,Y,1.0,Flat,1,94.7,40.1,37.0,wearable-B,2026-08-22
PAC-0378,65,M,ASY,160,0,1,ST,122,N,1.2,Flat,1,92.0,47.1,37.1,holter-C,2026-08-23
PAC-0379,70,M,ASY,140,0,1,Normal,157,Y,2.0,Flat,1,97.4,18.1,36.3,wearable-B,2026-08-03
PAC-0380,50,M,ASY,120,0,0,ST,156,Y,0.0,Up,1,94.3,29.1,36.6,wearable-B,2026-08-24
PAC-0381,60,M,ASY,160,0,0,ST,99,Y,0.5,Flat,1,95.2,23.1,36.6,wearable-B,2026-08-03
PAC-0382,50,M,ASY,115,0,0,Normal,120,Y,0.5,Flat,1,97.0,25.4,36.6,wearable-A,2026-08-19
PAC-0383,43,M,ASY,115,0,0,Normal,145,Y,2.0,Flat,1,92.6,37.6,36.4,wearable-A,2026-08-12
PAC-0384,38,F,ASY,110,0,0,Normal,156,N,0.0,Flat,1,93.1,12.0,36.2,wearable-A,2026-08-10
PAC-0385,54,M,ASY,120,0,0,Normal,155,N,0.0,Flat,1,92.6,44.4,36.6,holter-C,2026-08-15
PAC-0386,61,M,ASY,150,0,0,Normal,105,Y,0.0,Flat,1,93.8,46.0,36.4,holter-C,2026-08-10
PAC-0387,42,M,ASY,145,0,0,Normal,99,Y,0.0,Flat,1,95.7,34.0,36.6,wearable-A,2026-08-24
PAC-0388,53,M,ASY,130,0,0,LVH,135,Y,1.0,Flat,1,95.8,10.0,36.4,wearable-A,2026-08-30
PAC-0389,55,M,ASY,140,0,0,Normal,83,N,0.0,Flat,1,95.4,25.0,36.3,wearable-A,2026-08-25
PAC-0390,61,M,ASY,160,0,1,ST,145,N,1.0,Flat,1,92.9,51.8,36.7,holter-C,2026-08-14
PAC-0391,51,M,ASY,140,0,0,Normal,60,N,0.0,Flat,1,91.5,10.0,36.6,wearable-B,2026-08-16
PAC-0392,70,M,ASY,115,0,0,ST,92,Y,0.0,Flat,1,95.1,32.8,36.8,holter-C,2026-08-14
PAC-0393,61,M,ASY,130,0,0,LVH,115,N,0.0,Flat,1,94.3,22.8,37.3,wearable-B,2026-08-24
PAC-0394,38,M,ASY,150,0,1,Normal,120,Y,0.7,Flat,1,95.7,46.7,36.7,holter-C,2026-08-17
PAC-0395,57,M,ASY,160,0,1,Normal,98,Y,2.0,Flat,1,96.1,28.9,36.7,wearable-B,2026-08-15
PAC-0396,38,M,ASY,135,0,1,Normal,150,N,0.0,Flat,1,95.2,41.8,36.3,wearable-A,2026-08-13
PAC-0397,62,F,TA,140,0,1,Normal,143,N,0.0,Flat,1,96.1,43.8,36.2,holter-C,2026-08-12
PAC-0398,58,M,ASY,170,0,1,ST,105,Y,0.0,Flat,1,95.3,59.0,37.1,holter-C,2026-08-17
PAC-0399,52,M,ASY,165,0,1,Normal,122,Y,1.0,Up,1,95.8,34.6,36.3,holter-C,2026-08-21
PAC-0400,61,M,NAP,200,0,1,ST,70,N,0.0,Flat,1,93.9,41.5,36.3,holter-C,2026-08-13
PAC-0401,50,F,ASY,160,0,1,Normal,110,N,0.0,Flat,1,94.7,19.2,36.6,wearable-A,2026-08-25
PAC-0402,51,M,ASY,130,0,1,ST,163,N,0.0,Flat,1,95.3,51.3,36.6,wearable-A,2026-08-25
PAC-0403,65,M,ASY,145,0,1,ST,67,N,0.7,Flat,1,96.2,27.9,36.3,wearable-B,2026-08-13
PAC-0404,52,M,ASY,135,0,1,Normal,128,Y,2.0,Flat,1,94.4,30.3,36.5,wearable-A,2026-08-28
PAC-0405,47,M,NAP,110,0,1,Normal,120,Y,0.0,Flat,1,95.8,36.7,37.0,wearable-B,2026-08-06
PAC-0406,35,M,ASY,120,0,1,Normal,130,Y,1.2,Flat,1,94.6,18.2,36.4,wearable-A,2026-08-28
PAC-0407,57,M,ASY,140,0,1,Normal,100,Y,0.0,Flat,1,94.8,39.7,36.2,wearable-B,2026-08-09
PAC-0408,62,M,ASY,115,0,1,Normal,72,Y,-0.5,Flat,1,96.2,48.6,36.9,wearable-B,2026-08-17
PAC-0409,59,M,ASY,110,0,1,Normal,94,N,0.0,Flat,1,92.0,40.5,36.7,wearable-B,2026-08-09
PAC-0410,53,M,NAP,160,0,1,LVH,122,Y,0.0,Flat,1,93.1,17.9,36.4,holter-C,2026-08-14
PAC-0411,62,M,ASY,150,0,1,ST,78,N,2.0,Flat,1,92.8,35.5,36.1,wearable-B,2026-08-11
PAC-0412,54,M,ASY,180,0,1,Normal,150,N,1.5,Flat,1,91.5,45.9,36.4,wearable-B,2026-08-22
PAC-0413,56,M,ASY,125,0,1,Normal,103,Y,1.0,Flat,1,94.0,14.5,36.6,wearable-A,2026-08-03
PAC-0414,56,M,NAP,125,0,1,Normal,98,N,-2.0,Flat,1,96.1,24.1,36.9,wearable-B,2026-08-26
PAC-0415,54,M,ASY,130,0,1,Normal,110,Y,3.0,Flat,1,94.6,47.5,36.3,wearable-A,2026-08-28
PAC-0416,66,F,ASY,155,0,1,Normal,90,N,0.0,Flat,1,95.3,40.2,36.6,wearable-A,2026-08-17
PAC-0417,63,M,ASY,140,260,0,ST,112,Y,3.0,Flat,1,96.6,41.9,36.8,wearable-B,2026-08-17
PAC-0418,44,M,ASY,130,209,0,ST,127,N,0.0,Up,0,99.0,77.3,35.9,wearable-A,2026-08-21
PAC-0419,60,M,ASY,132,218,0,ST,140,Y,1.5,Down,1,94.9,42.6,36.9,wearable-B,2026-08-06
PAC-0420,55,M,ASY,142,228,0,ST,149,Y,2.5,Up,1,97.0,44.9,36.2,wearable-A,2026-08-23
PAC-0421,66,M,NAP,110,213,1,LVH,99,Y,1.3,Flat,0,97.1,87.5,36.7,holter-C,2026-08-07
PAC-0422,66,M,NAP,120,0,0,ST,120,N,-0.5,Up,0,95.7,52.4,36.7,holter-C,2026-08-21
PAC-0423,65,M,ASY,150,236,1,ST,105,Y,0.0,Flat,1,94.1,27.4,36.9,wearable-A,2026-08-10
PAC-0424,60,M,NAP,180,0,0,ST,140,Y,1.5,Flat,0,94.8,60.1,36.8,wearable-B,2026-08-23
PAC-0425,60,M,NAP,120,0,1,Normal,141,Y,2.0,Up,1,93.7,42.3,35.9,wearable-B,2026-08-24
PAC-0426,60,M,ATA,160,267,1,ST,157,N,0.5,Flat,1,94.5,30.7,36.4,wearable-B,2026-08-07
PAC-0427,56,M,ATA,126,166,0,ST,140,N,0.0,Up,0,98.2,42.6,36.6,wearable-B,2026-08-19
PAC-0428,59,M,ASY,140,0,0,ST,117,Y,1.0,Flat,1,97.6,64.7,36.5,holter-C,2026-08-15
PAC-0429,62,M,ASY,110,0,0,Normal,120,Y,0.5,Flat,1,92.9,40.9,36.7,wearable-B,2026-08-09
PAC-0430,63,M,NAP,133,0,0,LVH,120,Y,1.0,Flat,1,95.6,28.2,36.8,wearable-A,2026-08-18
PAC-0431,57,M,ASY,128,0,1,ST,148,Y,1.0,Flat,1,93.4,48.0,36.8,wearable-B,2026-08-30
PAC-0432,62,M,ASY,120,220,0,ST,86,N,0.0,Up,0,97.7,53.7,36.5,wearable-A,2026-08-01
PAC-0433,63,M,ASY,170,177,0,Normal,84,Y,2.5,Down,1,94.8,34.0,36.0,wearable-B,2026-08-29
PAC-0434,46,M,ASY,110,236,0,Normal,125,Y,2.0,Flat,1,92.3,43.7,36.5,wearable-A,2026-08-26
PAC-0435,63,M,ASY,126,0,0,ST,120,N,1.5,Down,0,98.4,39.5,36.7,wearable-A,2026-08-16
PAC-0436,60,M,ASY,152,0,0,ST,118,Y,0.0,Up,0,96.1,59.2,36.3,holter-C,2026-08-19
PAC-0437,58,M,ASY,116,0,0,Normal,124,N,1.0,Up,1,94.2,60.0,36.8,wearable-A,2026-08-12
PAC-0438,64,M,ASY,120,0,1,ST,106,N,2.0,Flat,1,93.4,42.6,36.9,holter-C,2026-08-04
PAC-0439,63,M,NAP,130,0,0,ST,111,Y,0.0,Flat,1,94.0,32.5,36.6,holter-C,2026-08-18
PAC-0440,74,M,NAP,138,0,0,Normal,116,N,0.2,Up,0,97.6,48.9,35.7,wearable-B,2026-08-25
PAC-0441,52,M,NAP,128,0,0,ST,180,N,3.0,Up,1,94.7,32.1,36.2,holter-C,2026-08-07
PAC-0442,69,M,ASY,130,0,1,ST,129,N,1.0,Flat,1,95.5,34.0,37.2,wearable-A,2026-08-22
PAC-0443,51,M,ASY,128,0,1,ST,125,Y,1.2,Flat,1,95.5,32.5,36.4,wearable-A,2026-08-23
PAC-0444,60,M,ASY,130,186,1,ST,140,Y,0.5,Flat,1,97.0,48.0,36.0,wearable-A,2026-08-23
PAC-0445,56,M,ASY,120,100,0,Normal,120,Y,1.5,Flat,1,94.5,16.2,37.0,wearable-B,2026-08-11
PAC-0446,55,M,NAP,136,228,0,ST,124,Y,1.6,Flat,1,92.8,47.3,36.6,wearable-B,2026-08-12
PAC-0447,54,M,ASY,130,0,0,ST,117,Y,1.4,Flat,1,96.6,32.4,36.9,holter-C,2026-08-13
PAC-0448,77,M,ASY,124,171,0,ST,110,Y,2.0,Up,1,94.5,41.5,36.7,wearable-B,2026-08-26
PAC-0449,63,M,ASY,160,230,1,Normal,105,Y,1.0,Flat,1,96.7,23.5,36.7,wearable-A,2026-08-28
PAC-0450,55,M,NAP,0,0,0,Normal,155,N,1.5,Flat,1,95.6,52.9,36.7,holter-C,2026-08-13
PAC-0451,52,M,NAP,122,0,0,Normal,110,Y,2.0,Down,1,94.8,51.9,36.8,holter-C,2026-08-30
PAC-0452,64,M,ASY,144,0,0,ST,122,Y,1.0,Flat,1,95.5,48.5,37.3,holter-C,2026-08-18
PAC-0453,60,M,ASY,140,281,0,ST,118,Y,1.5,Flat,1,97.9,18.8,36.9,wearable-B,2026-08-12
PAC-0454,60,M,ASY,120,0,0,Normal,133,Y,2.0,Up,0,100.0,64.9,36.1,wearable-B,2026-08-01
PAC-0455,58,M,ASY,136,203,1,Normal,123,Y,1.2,Flat,1,95.1,41.9,36.7,wearable-B,2026-08-19
PAC-0456,59,M,ASY,154,0,0,ST,131,Y,1.5,Up,0,97.2,35.7,36.9,holter-C,2026-08-20
PAC-0457,61,M,NAP,120,0,0,Normal,80,Y,0.0,Flat,1,96.6,36.7,37.0,wearable-A,2026-08-30
PAC-0458,40,M,ASY,125,0,1,Normal,165,N,0.0,Flat,1,93.7,41.4,36.5,holter-C,2026-08-22
PAC-0459,61,M,ASY,134,0,1,ST,86,N,1.5,Flat,1,95.5,43.7,36.9,wearable-A,2026-08-01
PAC-0460,41,M,ASY,104,0,0,ST,111,N,0.0,Up,0,97.0,57.1,36.9,wearable-B,2026-08-18
PAC-0461,57,M,ASY,139,277,1,ST,118,Y,1.9,Flat,1,95.5,40.5,37.4,wearable-A,2026-08-23
PAC-0462,63,M,ASY,136,0,0,Normal,84,Y,0.0,Flat,1,93.7,54.7,36.4,wearable-B,2026-08-15
PAC-0463,59,M,ASY,122,233,0,Normal,117,Y,1.3,Down,1,92.6,51.7,36.4,holter-C,2026-08-13
PAC-0464,51,M,ASY,128,0,0,Normal,107,N,0.0,Up,0,93.9,20.6,36.5,holter-C,2026-08-25
PAC-0465,59,M,NAP,131,0,0,Normal,128,Y,2.0,Down,1,93.3,33.2,36.5,holter-C,2026-08-19
PAC-0466,42,M,NAP,134,240,0,Normal,160,N,0.0,Up,0,96.3,53.0,36.3,wearable-A,2026-08-21
PAC-0467,55,M,NAP,120,0,0,ST,125,Y,2.5,Flat,1,94.6,16.0,35.8,wearable-A,2026-08-14
PAC-0468,63,F,ATA,132,0,0,Normal,130,N,0.1,Up,0,99.9,56.1,36.5,holter-C,2026-08-09
PAC-0469,62,M,ASY,152,153,0,ST,97,Y,1.6,Up,1,96.7,52.0,36.7,wearable-B,2026-08-16
PAC-0470,56,M,ATA,124,224,1,Normal,161,N,2.0,Flat,0,95.6,42.0,36.5,wearable-A,2026-08-29
PAC-0471,53,M,ASY,126,0,0,Normal,106,N,0.0,Flat,1,95.5,41.0,37.2,holter-C,2026-08-19
PAC-0472,68,M,ASY,138,0,0,Normal,130,Y,3.0,Flat,1,94.4,26.0,36.6,wearable-B,2026-08-22
PAC-0473,53,M,ASY,154,0,1,ST,140,Y,1.5,Flat,1,94.6,28.9,37.0,wearable-A,2026-08-04
PAC-0474,60,M,NAP,141,316,1,ST,122,Y,1.7,Flat,1,95.3,54.7,36.7,holter-C,2026-08-30
PAC-0475,62,M,ATA,131,0,0,Normal,130,N,0.1,Up,0,97.9,48.5,36.8,wearable-B,2026-08-08
PAC-0476,59,M,ASY,178,0,1,LVH,120,Y,0.0,Flat,1,94.5,42.5,36.7,wearable-B,2026-08-30
PAC-0477,51,M,ASY,132,218,1,LVH,139,N,0.1,Up,0,98.6,32.5,37.0,holter-C,2026-08-14
PAC-0478,61,M,ASY,110,0,1,Normal,108,Y,2.0,Down,1,93.3,59.3,36.6,wearable-B,2026-08-28
PAC-0479,57,M,ASY,130,311,1,ST,148,Y,2.0,Flat,1,95.0,44.2,36.7,wearable-B,2026-08-27
PAC-0480,56,M,NAP,170,0,0,LVH,123,Y,2.5,Flat,1,98.9,34.8,36.7,wearable-B,2026-08-23
PAC-0481,58,M,ATA,126,0,1,Normal,110,Y,2.0,Flat,1,95.3,43.9,36.5,wearable-A,2026-08-28
PAC-0482,69,M,NAP,140,0,1,ST,118,N,2.5,Down,1,97.1,20.1,36.7,wearable-A,2026-08-19
PAC-0483,67,M,TA,142,270,1,Normal,125,N,2.5,Up,1,95.1,51.2,37.3,holter-C,2026-08-26
PAC-0484,58,M,ASY,120,0,0,LVH,106,Y,1.5,Down,1,95.9,33.1,36.5,wearable-A,2026-08-06
PAC-0485,65,M,ASY,134,0,0,Normal,112,Y,1.1,Flat,1,94.9,34.6,36.7,wearable-B,2026-08-03
PAC-0486,63,M,ATA,139,217,1,ST,128,Y,1.2,Flat,1,94.7,31.1,37.0,wearable-A,2026-08-17
PAC-0487,55,M,ATA,110,214,1,ST,180,N,0.4,Up,0,95.8,48.0,36.9,wearable-A,2026-08-25
PAC-0488,57,M,ASY,140,214,0,ST,144,Y,2.0,Flat,1,95.6,45.3,36.6,wearable-B,2026-08-23
PAC-0489,65,M,TA,140,252,0,Normal,135,N,0.3,Up,0,95.7,58.1,35.9,holter-C,2026-08-16
PAC-0490,54,M,ASY,136,220,0,Normal,140,Y,3.0,Flat,1,96.0,44.8,36.8,wearable-B,2026-08-16
PAC-0491,72,M,NAP,120,214,0,Normal,102,Y,1.0,Flat,1,96.6,36.9,35.9,wearable-A,2026-08-19
PAC-0492,75,M,ASY,170,203,1,ST,108,N,0.0,Flat,1,95.5,43.2,37.0,wearable-A,2026-08-27
PAC-0493,49,M,TA,130,0,0,ST,145,N,3.0,Flat,1,94.6,32.0,36.7,wearable-A,2026-08-26
PAC-0494,51,M,NAP,137,339,0,Normal,127,Y,1.7,Flat,1,95.7,63.8,36.9,holter-C,2026-08-04
PAC-0495,60,M,ASY,142,216,0,Normal,110,Y,2.5,Flat,1,94.5,18.2,36.3,wearable-A,2026-08-18
PAC-0496,64,F,ASY,142,276,0,Normal,140,Y,1.0,Flat,1,96.4,52.1,36.1,wearable-B,2026-08-12
PAC-0497,58,M,ASY,132,458,1,Normal,69,N,1.0,Down,0,94.3,71.4,36.7,wearable-A,2026-08-24
PAC-0498,61,M,ASY,146,241,0,Normal,148,Y,3.0,Down,1,94.5,26.8,36.6,wearable-B,2026-08-16
PAC-0499,67,M,ASY,160,384,1,ST,130,Y,0.0,Flat,1,92.0,63.8,36.5,holter-C,2026-08-30
PAC-0500,62,M,ASY,135,297,0,Normal,130,Y,1.0,Flat,1,92.8,48.9,36.6,wearable-B,2026-08-13
PAC-0501,65,M,ASY,136,248,0,Normal,140,Y,4.0,Down,1,97.0,48.7,37.4,wearable-B,2026-08-21
PAC-0502,63,M,ASY,130,308,0,Normal,138,Y,2.0,Flat,1,96.3,37.3,36.9,wearable-A,2026-08-04
PAC-0503,69,M,ASY,140,208,0,ST,140,Y,2.0,Flat,1,93.9,34.4,36.9,wearable-A,2026-08-28
PAC-0504,51,M,ASY,132,227,1,ST,138,N,0.2,Up,0,94.7,52.5,36.9,holter-C,2026-08-05
PAC-0505,62,M,ASY,158,210,1,Normal,112,Y,3.0,Down,1,90.6,41.7,37.0,wearable-A,2026-08-12
PAC-0506,55,M,NAP,136,245,1,ST,131,Y,1.2,Flat,1,94.2,53.8,36.5,wearable-B,2026-08-26
PAC-0507,75,M,ASY,136,225,0,Normal,112,Y,3.0,Flat,1,98.6,39.2,36.0,wearable-A,2026-08-30
PAC-0508,40,M,NAP,106,240,0,Normal,80,Y,0.0,Up,0,97.7,44.1,36.5,wearable-A,2026-08-15
PAC-0509,67,M,ASY,120,0,1,Normal,150,N,1.5,Down,1,94.2,46.9,36.8,wearable-B,2026-08-15
PAC-0510,58,M,ASY,110,198,0,Normal,110,N,0.0,Flat,1,95.7,48.1,36.3,holter-C,2026-08-02
PAC-0511,60,M,ASY,136,195,0,Normal,126,N,0.3,Up,0,94.7,62.9,36.5,wearable-A,2026-08-30
PAC-0512,63,M,ASY,160,267,1,ST,88,Y,2.0,Flat,1,94.6,45.9,36.4,holter-C,2026-08-01
PAC-0513,35,M,NAP,123,161,0,ST,153,N,-0.1,Up,0,97.1,51.7,37.1,wearable-B,2026-08-01
PAC-0514,62,M,TA,112,258,0,ST,150,Y,1.3,Flat,1,94.9,25.9,36.8,holter-C,2026-08-15
PAC-0515,43,M,ASY,122,0,0,Normal,120,N,0.5,Up,1,96.2,26.6,36.8,wearable-A,2026-08-01
PAC-0516,63,M,NAP,130,0,1,ST,160,N,3.0,Flat,0,97.5,35.4,36.8,holter-C,2026-08-05
PAC-0517,68,M,NAP,150,195,1,Normal,132,N,0.0,Flat,1,96.0,39.8,36.6,wearable-A,2026-08-19
PAC-0518,65,M,ASY,150,235,0,Normal,120,Y,1.5,Flat,1,94.0,36.0,36.7,holter-C,2026-08-22
PAC-0519,48,M,NAP,102,0,1,ST,110,Y,1.0,Down,1,96.3,31.7,36.2,wearable-B,2026-08-09
PAC-0520,63,M,ASY,96,305,0,ST,121,Y,1.0,Up,1,97.4,10.0,35.9,wearable-B,2026-08-24
PAC-0521,64,M,ASY,130,223,0,ST,128,N,0.5,Flat,0,95.5,40.0,36.6,wearable-A,2026-08-19
PAC-0522,61,M,ASY,120,282,0,ST,135,Y,4.0,Down,1,93.7,50.5,36.7,wearable-B,2026-08-07
PAC-0523,50,M,ASY,144,349,0,LVH,120,Y,1.0,Up,1,97.0,29.0,37.0,wearable-A,2026-08-22
PAC-0524,59,M,ASY,124,160,0,Normal,117,Y,1.0,Flat,1,94.7,41.3,37.1,wearable-B,2026-08-18
PAC-0525,55,M,ASY,150,160,0,ST,150,N,0.0,Up,0,99.1,38.3,37.1,holter-C,2026-08-25
PAC-0526,45,M,NAP,130,236,0,Normal,144,N,0.1,Up,0,96.3,72.3,36.3,wearable-A,2026-08-05
PAC-0527,65,M,ASY,144,312,0,LVH,113,Y,1.7,Flat,1,97.2,35.3,36.5,wearable-A,2026-08-07
PAC-0528,61,M,ATA,139,283,0,Normal,135,N,0.3,Up,0,97.2,58.5,36.7,wearable-A,2026-08-10
PAC-0529,49,M,NAP,131,142,0,Normal,127,Y,1.5,Flat,1,95.4,64.9,37.4,wearable-A,2026-08-11
PAC-0530,72,M,ASY,143,211,0,Normal,109,Y,1.4,Flat,1,97.3,55.2,37.0,wearable-A,2026-08-27
PAC-0531,50,M,ASY,133,218,0,Normal,128,Y,1.1,Flat,1,94.5,33.3,36.9,wearable-A,2026-08-22
PAC-0532,64,M,ASY,143,306,1,ST,115,Y,1.8,Flat,1,93.6,29.9,36.5,wearable-B,2026-08-17
PAC-0533,55,M,ASY,116,186,1,ST,102,N,0.0,Flat,1,94.3,33.1,36.3,wearable-A,2026-08-17
PAC-0534,63,M,ASY,110,252,0,ST,140,Y,2.0,Flat,1,95.7,43.1,36.8,holter-C,2026-08-27
PAC-0535,59,M,ASY,125,222,0,Normal,135,Y,2.5,Down,1,92.7,35.7,36.3,holter-C,2026-08-14
PAC-0536,56,M,ASY,130,0,0,LVH,122,Y,1.0,Flat,1,96.0,32.3,36.5,holter-C,2026-08-07
PAC-0537,62,M,NAP,133,0,1,ST,119,Y,1.2,Flat,1,94.2,54.6,36.6,wearable-B,2026-08-05
PAC-0538,74,M,ASY,150,258,1,ST,130,Y,4.0,Down,1,96.7,35.6,37.1,wearable-A,2026-08-10
PAC-0539,54,M,ASY,130,202,1,Normal,112,Y,2.0,Flat,1,91.4,64.6,36.5,holter-C,2026-08-20
PAC-0540,57,M,ASY,110,197,0,LVH,100,N,0.0,Up,0,95.8,56.1,35.9,wearable-A,2026-08-15
PAC-0541,62,M,NAP,138,204,0,ST,122,Y,1.2,Flat,1,92.5,58.4,36.8,wearable-B,2026-08-13
PAC-0542,76,M,NAP,104,113,0,LVH,120,N,3.5,Down,1,93.8,41.3,36.4,wearable-B,2026-08-15
PAC-0543,54,F,ASY,138,274,0,Normal,105,Y,1.5,Flat,1,95.4,48.6,36.6,holter-C,2026-08-30
PAC-0544,70,M,ASY,170,192,0,ST,129,Y,3.0,Down,1,94.7,28.3,36.6,wearable-B,2026-08-30
PAC-0545,61,F,ATA,140,298,1,Normal,120,Y,0.0,Up,0,96.6,44.8,36.5,holter-C,2026-08-05
PAC-0546,48,M,ASY,132,272,0,ST,139,N,0.2,Up,0,96.8,60.5,36.8,holter-C,2026-08-04
PAC-0547,48,M,NAP,132,220,1,ST,162,N,0.0,Flat,1,95.3,48.9,36.1,wearable-B,2026-08-08
PAC-0548,61,M,TA,142,200,1,ST,100,N,1.5,Down,1,93.5,37.5,36.4,holter-C,2026-08-26
PAC-0549,66,M,ASY,112,261,0,Normal,140,N,1.5,Up,1,96.1,21.6,36.8,wearable-A,2026-08-14
PAC-0550,68,M,TA,139,181,1,ST,135,N,0.2,Up,0,98.0,38.7,36.4,holter-C,2026-08-26
PAC-0551,55,M,ASY,172,260,0,Normal,73,N,2.0,Flat,1,95.6,19.9,36.1,wearable-A,2026-08-20
PAC-0552,62,M,NAP,120,220,0,LVH,86,N,0.0,Up,0,97.8,33.8,36.8,holter-C,2026-08-17
PAC-0553,71,M,NAP,144,221,0,Normal,108,Y,1.8,Flat,1,95.4,38.3,36.9,wearable-B,2026-08-09
PAC-0554,74,M,TA,145,216,1,Normal,116,Y,1.8,Flat,1,98.1,50.5,36.6,holter-C,2026-08-11
PAC-0555,53,M,NAP,155,175,1,ST,160,N,0.3,Up,0,96.9,54.8,36.0,wearable-A,2026-08-05
PAC-0556,58,M,NAP,150,219,0,ST,118,Y,0.0,Flat,1,94.5,10.0,36.8,wearable-B,2026-08-16
PAC-0557,75,M,ASY,160,310,1,Normal,112,Y,2.0,Down,0,95.9,52.7,36.1,holter-C,2026-08-09
PAC-0558,56,M,NAP,137,208,1,ST,122,Y,1.8,Flat,1,93.5,35.0,36.7,wearable-A,2026-08-09
PAC-0559,58,M,NAP,137,232,0,ST,124,Y,1.4,Flat,1,93.1,62.2,36.3,wearable-A,2026-08-02
PAC-0560,64,M,ASY,134,273,0,Normal,102,Y,4.0,Down,1,93.7,19.5,36.3,wearable-A,2026-08-24
PAC-0561,54,M,NAP,133,203,0,ST,137,N,0.2,Up,0,96.9,50.3,36.5,wearable-A,2026-08-29
PAC-0562,54,M,ATA,132,182,0,ST,141,N,0.1,Up,0,97.5,75.5,36.5,wearable-B,2026-08-15
PAC-0563,59,M,ASY,140,274,0,Normal,154,Y,2.0,Flat,0,97.1,60.4,36.4,wearable-B,2026-08-17
PAC-0564,55,M,ASY,135,204,1,ST,126,Y,1.1,Flat,1,93.9,43.8,36.8,wearable-A,2026-08-28
PAC-0565,57,M,ASY,144,270,1,ST,160,Y,2.0,Flat,1,96.4,38.4,36.5,wearable-A,2026-08-16
PAC-0566,61,M,ASY,141,292,0,ST,115,Y,1.7,Flat,1,96.1,41.0,36.9,wearable-A,2026-08-19
PAC-0567,41,M,ASY,150,171,0,Normal,128,Y,1.5,Flat,0,96.8,64.3,36.7,holter-C,2026-08-13
PAC-0568,71,M,ASY,130,221,0,ST,115,Y,0.0,Flat,1,94.0,27.3,36.4,holter-C,2026-08-16
PAC-0569,38,M,ASY,110,289,0,Normal,105,Y,1.5,Down,1,95.8,47.5,36.3,wearable-A,2026-08-16
PAC-0570,55,M,ASY,158,217,0,Normal,110,Y,2.5,Flat,1,95.3,20.5,36.1,wearable-A,2026-08-22
PAC-0571,56,M,ASY,128,223,0,ST,119,Y,2.0,Down,1,92.8,40.9,36.7,wearable-A,2026-08-19
PAC-0572,69,M,ASY,140,110,1,Normal,109,Y,1.5,Flat,1,94.9,39.1,36.5,holter-C,2026-08-16
PAC-0573,64,M,ASY,150,193,0,ST,135,Y,0.5,Flat,1,95.4,29.6,35.9,holter-C,2026-08-03
PAC-0574,72,M,ASY,160,123,1,LVH,130,N,1.5,Flat,1,93.7,36.7,36.4,holter-C,2026-08-28
PAC-0575,69,M,ASY,142,210,1,ST,112,Y,1.5,Flat,1,95.3,29.5,36.3,wearable-A,2026-08-27
PAC-0576,56,M,ASY,137,282,1,Normal,126,Y,1.2,Flat,1,92.8,24.1,37.1,wearable-B,2026-08-06
PAC-0577,62,M,ASY,139,170,0,ST,120,Y,3.0,Flat,1,97.0,32.8,36.1,wearable-A,2026-08-09
PAC-0578,67,M,ASY,146,369,0,Normal,110,Y,1.9,Flat,1,96.9,23.8,36.2,holter-C,2026-08-30
PAC-0579,57,M,ASY,156,173,0,LVH,119,Y,3.0,Down,1,94.6,40.9,36.9,wearable-B,2026-08-10
PAC-0580,69,M,ASY,145,289,1,ST,110,Y,1.8,Flat,1,95.5,23.2,37.0,wearable-A,2026-08-25
PAC-0581,51,M,ASY,131,152,1,LVH,130,Y,1.0,Flat,1,91.4,45.5,36.4,holter-C,2026-08-24
PAC-0582,48,M,ASY,140,208,0,Normal,159,Y,1.5,Up,1,93.3,22.8,36.4,wearable-B,2026-08-26
PAC-0583,69,M,ASY,122,216,1,LVH,84,Y,0.0,Flat,1,94.6,30.2,36.8,wearable-B,2026-08-01
PAC-0584,69,M,NAP,142,271,0,LVH,126,N,0.3,Up,0,95.4,47.5,35.9,wearable-A,2026-08-15
PAC-0585,64,M,ASY,141,244,1,ST,116,Y,1.5,Flat,1,96.1,52.9,36.0,wearable-A,2026-08-17
PAC-0586,57,M,ATA,180,285,1,ST,120,N,0.8,Flat,1,98.0,41.0,36.5,holter-C,2026-08-26
PAC-0587,53,M,ASY,124,243,0,Normal,122,Y,2.0,Flat,1,93.2,34.5,37.1,wearable-A,2026-08-07
PAC-0588,37,M,NAP,118,240,0,LVH,165,N,1.0,Flat,0,95.7,61.0,36.5,wearable-A,2026-08-10
PAC-0589,67,M,ASY,140,219,0,ST,122,Y,2.0,Flat,1,95.4,11.7,36.6,holter-C,2026-08-06
PAC-0590,74,M,NAP,140,237,1,Normal,94,N,0.0,Flat,1,97.4,36.5,36.9,wearable-A,2026-08-23
PAC-0591,63,M,ATA,136,165,0,ST,133,N,0.2,Up,0,95.2,79.0,37.2,wearable-B,2026-08-30
PAC-0592,58,M,ASY,100,213,0,ST,110,N,0.0,Up,0,97.4,56.6,36.4,holter-C,2026-08-05
PAC-0593,61,M,ASY,190,287,1,LVH,150,Y,2.0,Down,1,97.7,37.8,36.6,wearable-B,2026-08-07
PAC-0594,64,M,ASY,130,258,1,LVH,130,N,0.0,Flat,1,92.5,43.6,37.1,wearable-B,2026-08-10
PAC-0595,58,M,ASY,160,256,1,LVH,113,Y,1.0,Up,1,93.1,47.7,36.1,wearable-A,2026-08-27
PAC-0596,60,M,ASY,130,186,1,LVH,140,Y,0.5,Flat,1,94.4,13.0,36.9,wearable-B,2026-08-14
PAC-0597,57,M,ASY,122,264,0,LVH,100,N,0.0,Flat,1,94.2,16.8,36.3,wearable-B,2026-08-09
PAC-0598,55,M,NAP,133,185,0,ST,136,N,0.2,Up,0,98.2,57.5,36.6,wearable-B,2026-08-10
PAC-0599,55,M,ASY,120,226,0,LVH,127,Y,1.7,Down,1,95.4,28.4,36.5,wearable-A,2026-08-18
PAC-0600,56,M,ASY,130,203,1,Normal,98,N,1.5,Flat,1,92.3,52.7,36.3,wearable-A,2026-08-12
PAC-0601,57,M,ASY,130,207,0,ST,96,Y,1.0,Flat,0,97.8,51.2,36.3,holter-C,2026-08-05
PAC-0602,61,M,NAP,140,284,0,Normal,123,Y,1.3,Flat,1,94.1,13.8,36.7,holter-C,2026-08-25
PAC-0603,61,M,NAP,120,337,0,Normal,98,Y,0.0,Flat,1,96.9,21.8,36.9,holter-C,2026-08-13
PAC-0604,74,M,ASY,155,310,0,Normal,112,Y,1.5,Down,1,94.1,10.0,36.6,wearable-A,2026-08-08
PAC-0605,68,M,NAP,134,254,1,Normal,151,Y,0.0,Up,0,96.0,52.2,36.6,holter-C,2026-08-22
PAC-0606,51,F,ASY,114,258,1,LVH,96,N,1.0,Up,0,97.8,52.7,36.8,wearable-A,2026-08-23
PAC-0607,62,M,ASY,160,254,1,ST,108,Y,3.0,Flat,1,96.1,31.9,36.3,wearable-B,2026-08-05
PAC-0608,53,M,ASY,144,300,1,ST,128,Y,1.5,Flat,1,95.7,49.9,36.8,wearable-A,2026-08-03
PAC-0609,62,M,ASY,158,170,0,ST,138,Y,0.0,Flat,1,92.5,51.4,36.8,holter-C,2026-08-02
PAC-0610,46,M,ASY,134,310,0,Normal,126,N,0.0,Flat,1,95.8,35.0,37.4,wearable-A,2026-08-23
PAC-0611,54,F,ASY,127,333,1,ST,154,N,0.0,Flat,1,93.4,11.4,36.5,holter-C,2026-08-19
PAC-0612,62,M,TA,135,139,0,ST,137,N,0.2,Up,0,97.4,62.4,36.5,wearable-A,2026-08-24
PAC-0613,55,M,ASY,122,223,1,ST,100,N,0.0,Flat,1,92.9,43.7,36.8,holter-C,2026-08-19
PAC-0614,58,M,ASY,140,385,1,LVH,135,N,0.3,Up,0,97.7,58.7,36.8,wearable-B,2026-08-13
PAC-0615,62,M,ATA,120,254,0,LVH,93,Y,0.0,Flat,1,93.8,48.8,36.4,wearable-A,2026-08-18
PAC-0616,70,M,ASY,130,322,0,LVH,109,N,2.4,Flat,1,93.1,23.0,36.5,wearable-A,2026-08-22
PAC-0617,67,F,NAP,115,564,0,LVH,160,N,1.6,Flat,0,98.1,79.1,36.8,holter-C,2026-08-12
PAC-0618,57,M,ATA,124,261,0,Normal,141,N,0.3,Up,1,95.4,25.5,36.4,wearable-A,2026-08-28
PAC-0619,64,M,ASY,128,263,0,Normal,105,Y,0.2,Flat,0,96.1,64.0,36.5,wearable-A,2026-08-27
PAC-0620,74,F,ATA,120,269,0,LVH,121,Y,0.2,Up,0,99.2,34.8,36.6,wearable-B,2026-08-25
PAC-0621,65,M,ASY,120,177,0,Normal,140,N,0.4,Up,0,96.3,43.8,36.9,wearable-A,2026-08-30
PAC-0622,56,M,NAP,130,256,1,LVH,142,Y,0.6,Flat,1,95.0,55.2,36.4,wearable-A,2026-08-12
PAC-0623,59,M,ASY,110,239,0,LVH,142,Y,1.2,Flat,1,95.4,33.9,36.0,wearable-B,2026-08-04
PAC-0624,60,M,ASY,140,293,0,LVH,170,N,1.2,Flat,1,94.1,47.1,36.0,holter-C,2026-08-15
PAC-0625,63,F,ASY,150,407,0,LVH,154,N,4.0,Flat,1,95.7,39.8,36.2,holter-C,2026-08-23
PAC-0626,59,M,ASY,135,234,0,Normal,161,N,0.5,Flat,0,96.2,53.7,36.2,holter-C,2026-08-24
PAC-0627,53,M,ASY,142,226,0,LVH,111,Y,0.0,Up,0,96.4,71.4,36.6,wearable-A,2026-08-12
PAC-0628,44,M,NAP,140,235,0,LVH,180,N,0.0,Up,0,99.0,52.2,36.2,wearable-B,2026-08-09
PAC-0629,61,M,TA,134,234,0,Normal,145,N,2.6,Flat,1,93.4,15.6,36.4,wearable-A,2026-08-14
PAC-0630,57,F,ASY,128,303,0,LVH,159,N,0.0,Up,0,93.4,45.4,36.4,holter-C,2026-08-25
PAC-0631,71,F,ASY,112,149,0,Normal,125,N,1.6,Flat,0,99.4,61.6,36.5,wearable-B,2026-08-02
PAC-0632,46,M,ASY,140,311,0,Normal,120,Y,1.8,Flat,1,98.8,41.7,37.0,wearable-A,2026-08-10
PAC-0633,53,M,ASY,140,203,1,LVH,155,Y,3.1,Down,1,94.4,18.2,36.8,holter-C,2026-08-07
PAC-0634,64,M,TA,110,211,0,LVH,144,Y,1.8,Flat,0,94.1,46.3,36.6,wearable-A,2026-08-25
PAC-0635,40,M,TA,140,199,0,Normal,178,Y,1.4,Up,0,96.5,48.0,36.5,wearable-A,2026-08-15
PAC-0636,67,M,ASY,120,229,0,LVH,129,Y,2.6,Flat,1,94.6,32.6,36.5,holter-C,2026-08-03
PAC-0637,48,M,ATA,130,245,0,LVH,180,N,0.2,Flat,0,96.7,38.5,36.7,wearable-B,2026-08-08
PAC-0638,43,M,ASY,115,303,0,Normal,181,N,1.2,Flat,0,95.3,47.5,36.8,holter-C,2026-08-02
PAC-0639,47,M,ASY,112,204,0,Normal,143,N,0.1,Up,0,97.9,46.3,36.3,wearable-B,2026-08-15
PAC-0640,54,F,ATA,132,288,1,LVH,159,Y,0.0,Up,0,97.8,64.3,36.6,holter-C,2026-08-30
PAC-0641,48,F,NAP,130,275,0,Normal,139,N,0.2,Up,0,94.8,64.7,36.0,wearable-B,2026-08-18
PAC-0642,46,F,ASY,138,243,0,LVH,152,Y,0.0,Flat,0,98.0,53.3,36.7,wearable-A,2026-08-27
PAC-0643,51,F,NAP,120,295,0,LVH,157,N,0.6,Up,0,100.0,50.3,36.8,wearable-A,2026-08-23
PAC-0644,58,M,NAP,112,230,0,LVH,165,N,2.5,Flat,1,95.3,38.7,36.5,holter-C,2026-08-27
PAC-0645,71,F,NAP,110,265,1,LVH,130,N,0.0,Up,0,96.5,45.2,37.1,wearable-A,2026-08-10
PAC-0646,57,M,NAP,128,229,0,LVH,150,N,0.4,Flat,1,94.8,23.2,36.3,wearable-B,2026-08-29
PAC-0647,66,M,ASY,160,228,0,LVH,138,N,2.3,Up,0,97.9,43.7,36.7,wearable-A,2026-08-08
PAC-0648,37,F,NAP,120,215,0,Normal,170,N,0.0,Up,0,94.4,47.4,36.6,wearable-A,2026-08-14
PAC-0649,59,M,ASY,170,326,0,LVH,140,Y,3.4,Down,1,95.2,23.0,36.6,wearable-B,2026-08-21
PAC-0650,50,M,ASY,144,200,0,LVH,126,Y,0.9,Flat,1,94.4,38.9,36.6,wearable-A,2026-08-09
PAC-0651,48,M,ASY,130,256,1,LVH,150,Y,0.0,Up,1,97.8,45.8,36.6,wearable-B,2026-08-08
PAC-0652,61,M,ASY,140,207,0,LVH,138,Y,1.9,Up,1,94.7,18.0,36.9,holter-C,2026-08-04
PAC-0653,59,M,TA,160,273,0,LVH,125,N,0.0,Up,1,97.5,37.3,37.0,wearable-A,2026-08-01
PAC-0654,42,M,NAP,130,180,0,Normal,150,N,0.0,Up,0,95.3,52.4,36.6,wearable-A,2026-08-16
PAC-0655,48,M,ASY,122,222,0,LVH,186,N,0.0,Up,0,97.9,59.1,36.8,wearable-A,2026-08-30
PAC-0656,40,M,ASY,152,223,0,Normal,181,N,0.0,Up,1,95.5,36.8,36.4,holter-C,2026-08-07
PAC-0657,62,F,ASY,124,209,0,Normal,163,N,0.0,Up,0,95.7,37.6,36.8,wearable-B,2026-08-14
PAC-0658,44,M,NAP,130,233,0,Normal,179,Y,0.4,Up,0,97.3,39.9,36.4,wearable-B,2026-08-29
PAC-0659,46,M,ATA,101,197,1,Normal,156,N,0.0,Up,0,98.8,55.4,36.9,wearable-A,2026-08-24
PAC-0660,59,M,NAP,126,218,1,Normal,134,N,2.2,Flat,1,94.5,49.3,37.3,holter-C,2026-08-01
PAC-0661,58,M,NAP,140,211,1,LVH,165,N,0.0,Up,0,94.5,28.4,36.6,wearable-A,2026-08-16
PAC-0662,49,M,NAP,118,149,0,LVH,126,N,0.8,Up,1,95.0,41.1,35.9,holter-C,2026-08-05
PAC-0663,44,M,ASY,110,197,0,LVH,177,N,0.0,Up,1,93.6,51.3,36.4,wearable-A,2026-08-08
PAC-0664,66,M,ATA,160,246,0,Normal,120,Y,0.0,Flat,1,94.5,35.2,37.0,holter-C,2026-08-08
PAC-0665,65,F,ASY,150,225,0,LVH,114,N,1.0,Flat,1,94.9,43.6,36.8,wearable-A,2026-08-19
PAC-0666,42,M,ASY,136,315,0,Normal,125,Y,1.8,Flat,1,92.4,28.6,36.7,wearable-A,2026-08-06
PAC-0667,52,M,ATA,128,205,1,Normal,184,N,0.0,Up,0,94.6,53.6,36.9,wearable-B,2026-08-08
PAC-0668,65,F,NAP,140,417,1,LVH,157,N,0.8,Up,0,97.7,35.5,36.7,wearable-A,2026-08-07
PAC-0669,63,F,ATA,140,195,0,Normal,179,N,0.0,Up,0,96.2,26.9,37.0,wearable-A,2026-08-11
PAC-0670,45,F,ATA,130,234,0,LVH,175,N,0.6,Flat,0,93.2,66.3,36.9,wearable-B,2026-08-20
PAC-0671,41,F,ATA,105,198,0,Normal,168,N,0.0,Up,0,98.2,43.2,37.1,wearable-A,2026-08-12
PAC-0672,61,M,ASY,138,166,0,LVH,125,Y,3.6,Flat,1,95.4,31.5,36.7,wearable-B,2026-08-10
PAC-0673,60,F,NAP,120,178,1,Normal,96,N,0.0,Up,0,95.9,38.4,36.9,holter-C,2026-08-16
PAC-0674,59,F,ASY,174,249,0,Normal,143,Y,0.0,Flat,1,93.0,20.1,36.5,wearable-A,2026-08-19
PAC-0675,62,M,ATA,120,281,0,LVH,103,N,1.4,Flat,1,96.3,34.9,36.4,wearable-B,2026-08-01
PAC-0676,57,M,NAP,150,126,1,Normal,173,N,0.2,Up,0,97.5,46.2,37.1,wearable-A,2026-08-27
PAC-0677,51,F,ASY,130,305,0,Normal,142,Y,1.2,Flat,1,98.6,41.5,36.7,wearable-B,2026-08-28
PAC-0678,44,M,NAP,120,226,0,Normal,169,N,0.0,Up,0,97.6,60.4,36.8,wearable-A,2026-08-19
PAC-0679,60,F,TA,150,240,0,Normal,171,N,0.9,Up,0,97.6,58.9,36.6,wearable-A,2026-08-18
PAC-0680,63,M,TA,145,233,1,LVH,150,N,2.3,Down,0,96.7,57.9,36.4,wearable-A,2026-08-21
PAC-0681,57,M,ASY,150,276,0,LVH,112,Y,0.6,Flat,1,96.2,55.9,36.6,holter-C,2026-08-14
PAC-0682,51,M,ASY,140,261,0,LVH,186,Y,0.0,Up,0,97.9,42.2,37.0,wearable-A,2026-08-11
PAC-0683,58,F,ATA,136,319,1,LVH,152,N,0.0,Up,1,96.9,36.3,36.8,holter-C,2026-08-11
PAC-0684,44,F,NAP,118,242,0,Normal,149,N,0.3,Flat,0,96.2,68.6,36.1,holter-C,2026-08-05
PAC-0685,47,M,NAP,108,243,0,Normal,152,N,0.0,Up,1,94.3,52.2,36.5,wearable-B,2026-08-26
PAC-0686,61,M,ASY,120,260,0,Normal,140,Y,3.6,Flat,1,94.3,19.9,37.1,wearable-A,2026-08-10
PAC-0687,57,F,ASY,120,354,0,Normal,163,Y,0.6,Up,0,98.2,51.3,36.5,holter-C,2026-08-09
PAC-0688,70,M,ATA,156,245,0,LVH,143,N,0.0,Up,0,99.2,71.3,36.1,holter-C,2026-08-29
PAC-0689,76,F,NAP,140,197,0,ST,116,N,1.1,Flat,0,96.3,61.1,37.2,wearable-A,2026-08-16
PAC-0690,67,F,ASY,106,223,0,Normal,142,N,0.3,Up,0,96.4,57.3,36.8,holter-C,2026-08-19
PAC-0691,45,M,ASY,142,309,0,LVH,147,Y,0.0,Flat,1,95.5,34.4,36.6,holter-C,2026-08-08
PAC-0692,45,M,ASY,104,208,0,LVH,148,Y,3.0,Flat,0,96.6,50.4,36.5,wearable-A,2026-08-09
PAC-0693,39,F,NAP,94,199,0,Normal,179,N,0.0,Up,0,98.4,58.5,36.9,wearable-A,2026-08-22
PAC-0694,42,F,NAP,120,209,0,Normal,173,N,0.0,Flat,0,93.6,52.0,36.4,holter-C,2026-08-14
PAC-0695,56,M,ATA,120,236,0,Normal,178,N,0.8,Up,0,95.8,54.5,36.9,wearable-A,2026-08-05
PAC-0696,58,M,ASY,146,218,0,Normal,105,N,2.0,Flat,1,93.8,37.9,36.8,wearable-B,2026-08-26
PAC-0697,35,M,ASY,120,198,0,Normal,130,Y,1.6,Flat,1,91.5,28.9,36.7,wearable-A,2026-08-13
PAC-0698,58,M,ASY,150,270,0,LVH,111,Y,0.8,Up,1,93.6,43.4,36.6,holter-C,2026-08-21
PAC-0699,41,M,NAP,130,214,0,LVH,168,N,2.0,Flat,0,95.6,90.0,36.5,wearable-A,2026-08-11
PAC-0700,57,M,ASY,110,201,0,Normal,126,Y,1.5,Flat,0,96.7,33.7,36.9,wearable-A,2026-08-17
PAC-0701,42,M,TA,148,244,0,LVH,178,N,0.8,Up,0,98.7,58.9,36.3,wearable-A,2026-08-24
PAC-0702,62,M,ATA,128,208,1,LVH,140,N,0.0,Up,0,96.6,45.9,36.1,wearable-A,2026-08-27
PAC-0703,59,M,TA,178,270,0,LVH,145,N,4.2,Down,0,95.5,61.9,36.8,wearable-B,2026-08-07
PAC-0704,41,F,ATA,126,306,0,Normal,163,N,0.0,Up,0,96.9,55.6,36.8,wearable-A,2026-08-21
PAC-0705,50,M,ASY,150,243,0,LVH,128,N,2.6,Flat,1,96.6,46.1,36.7,holter-C,2026-08-28
PAC-0706,59,M,ATA,140,221,0,Normal,164,Y,0.0,Up,0,95.5,69.1,36.7,wearable-B,2026-08-20
PAC-0707,61,F,ASY,130,330,0,LVH,169,N,0.0,Up,1,93.6,39.3,36.5,wearable-A,2026-08-05
PAC-0708,54,M,ASY,124,266,0,LVH,109,Y,2.2,Flat,1,95.8,50.6,36.8,holter-C,2026-08-06
PAC-0709,54,M,ASY,110,206,0,LVH,108,Y,0.0,Flat,1,94.7,10.0,36.6,wearable-B,2026-08-07
PAC-0710,52,M,ASY,125,212,0,Normal,168,N,1.0,Up,1,96.0,56.1,36.5,holter-C,2026-08-04
PAC-0711,47,M,ASY,110,275,0,LVH,118,Y,1.0,Flat,1,95.0,41.5,36.5,wearable-A,2026-08-23
PAC-0712,66,M,ASY,120,302,0,LVH,151,N,0.4,Flat,0,98.1,67.9,37.2,holter-C,2026-08-29
PAC-0713,58,M,ASY,100,234,0,Normal,156,N,0.1,Up,1,93.4,22.4,36.1,wearable-B,2026-08-16
PAC-0714,64,F,NAP,140,313,0,Normal,133,N,0.2,Up,0,97.0,45.0,36.7,holter-C,2026-08-18
PAC-0715,50,F,ATA,120,244,0,Normal,162,N,1.1,Up,0,96.7,56.8,36.1,wearable-B,2026-08-24
PAC-0716,44,F,NAP,108,141,0,Normal,175,N,0.6,Flat,0,95.2,54.8,36.6,holter-C,2026-08-13
PAC-0717,67,M,ASY,120,237,0,Normal,71,N,1.0,Flat,1,92.7,40.4,36.5,wearable-B,2026-08-15
PAC-0718,49,F,ASY,130,269,0,Normal,163,N,0.0,Up,0,98.0,68.0,36.0,wearable-A,2026-08-18
PAC-0719,57,M,ASY,165,289,1,LVH,124,N,1.0,Flat,1,94.5,15.8,36.7,wearable-A,2026-08-10
PAC-0720,63,M,ASY,130,254,0,LVH,147,N,1.4,Flat,1,93.5,48.7,36.5,holter-C,2026-08-02
PAC-0721,48,M,ASY,124,274,0,LVH,166,N,0.5,Flat,1,94.9,37.1,36.0,holter-C,2026-08-18
PAC-0722,51,M,NAP,100,222,0,Normal,143,Y,1.2,Flat,0,98.7,52.6,36.9,wearable-B,2026-08-25
PAC-0723,60,F,ASY,150,258,0,LVH,157,N,2.6,Flat,1,91.6,19.3,37.0,holter-C,2026-08-03
PAC-0724,59,M,ASY,140,177,0,Normal,162,Y,0.0,Up,1,92.8,43.0,37.0,wearable-A,2026-08-07
PAC-0725,45,F,ATA,112,160,0,Normal,138,N,0.0,Flat,0,95.6,26.0,36.7,wearable-A,2026-08-08
PAC-0726,55,F,ASY,180,327,0,ST,117,Y,3.4,Flat,1,97.2,44.8,36.6,wearable-B,2026-08-25
PAC-0727,41,M,ATA,110,235,0,Normal,153,N,0.0,Up,0,97.4,37.1,37.0,wearable-B,2026-08-16
PAC-0728,60,F,ASY,158,305,0,LVH,161,N,0.0,Up,1,96.2,37.6,37.1,holter-C,2026-08-17
PAC-0729,54,F,NAP,135,304,1,Normal,170,N,0.0,Up,0,95.3,53.6,36.9,holter-C,2026-08-20
PAC-0730,42,M,ATA,120,295,0,Normal,162,N,0.0,Up,0,95.3,69.0,36.3,wearable-A,2026-08-09
PAC-0731,49,F,ATA,134,271,0,Normal,162,N,0.0,Flat,0,97.7,52.9,36.7,holter-C,2026-08-22
PAC-0732,46,M,ASY,120,249,0,LVH,144,N,0.8,Up,1,95.1,28.7,36.7,wearable-B,2026-08-01
PAC-0733,56,F,ASY,200,288,1,LVH,133,Y,4.0,Down,1,95.8,30.9,36.1,holter-C,2026-08-04
PAC-0734,66,F,TA,150,226,0,Normal,114,N,2.6,Down,0,96.7,70.3,36.7,wearable-A,2026-08-25
PAC-0735,56,M,ASY,130,283,1,LVH,103,Y,1.6,Down,1,95.4,43.4,37.3,wearable-A,2026-08-20
PAC-0736,49,M,NAP,120,188,0,Normal,139,N,2.0,Flat,1,95.2,32.4,36.8,wearable-A,2026-08-06
PAC-0737,54,M,ASY,122,286,0,LVH,116,Y,3.2,Flat,1,96.2,34.2,37.0,holter-C,2026-08-14
PAC-0738,57,M,ASY,152,274,0,Normal,88,Y,1.2,Flat,1,96.2,18.2,36.7,wearable-A,2026-08-02
PAC-0739,65,F,NAP,160,360,0,LVH,151,N,0.8,Up,0,94.6,59.7,36.6,holter-C,2026-08-21
PAC-0740,54,M,NAP,125,273,0,LVH,152,N,0.5,Down,0,93.6,33.9,36.7,holter-C,2026-08-23
PAC-0741,54,F,NAP,160,201,0,Normal,163,N,0.0,Up,0,98.5,64.0,36.4,wearable-A,2026-08-09
PAC-0742,62,M,ASY,120,267,0,Normal,99,Y,1.8,Flat,1,96.8,38.5,36.3,holter-C,2026-08-11
PAC-0743,52,F,NAP,136,196,0,LVH,169,N,0.1,Flat,0,95.5,83.6,37.0,wearable-A,2026-08-08
PAC-0744,52,M,ATA,134,201,0,Normal,158,N,0.8,Up,0,94.2,41.8,37.0,wearable-A,2026-08-12
PAC-0745,60,M,ASY,117,230,1,Normal,160,Y,1.4,Up,1,95.1,35.8,36.3,wearable-B,2026-08-09
PAC-0746,63,F,ASY,108,269,0,Normal,169,Y,1.8,Flat,1,96.4,58.6,36.9,wearable-A,2026-08-08
PAC-0747,66,M,ASY,112,212,0,LVH,132,Y,0.1,Up,1,97.7,51.3,36.6,wearable-A,2026-08-13
PAC-0748,42,M,ASY,140,226,0,Normal,178,N,0.0,Up,0,97.8,46.6,36.7,wearable-A,2026-08-26
PAC-0749,64,M,ASY,120,246,0,LVH,96,Y,2.2,Down,1,94.4,39.7,36.7,wearable-B,2026-08-23
PAC-0750,54,M,NAP,150,232,0,LVH,165,N,1.6,Up,0,95.7,55.0,36.9,wearable-A,2026-08-09
PAC-0751,46,F,NAP,142,177,0,LVH,160,Y,1.4,Down,0,97.0,58.4,36.6,wearable-A,2026-08-29
PAC-0752,67,F,NAP,152,277,0,Normal,172,N,0.0,Up,0,96.6,46.6,37.0,wearable-B,2026-08-07
PAC-0753,56,M,ASY,125,249,1,LVH,144,Y,1.2,Flat,1,93.5,35.9,36.7,wearable-B,2026-08-28
PAC-0754,34,F,ATA,118,210,0,Normal,192,N,0.7,Up,0,100.0,35.8,36.8,holter-C,2026-08-10
PAC-0755,57,M,ASY,132,207,0,Normal,168,Y,0.0,Up,0,99.7,56.6,36.4,wearable-A,2026-08-17
PAC-0756,64,M,ASY,145,212,0,LVH,132,N,2.0,Flat,1,96.7,42.4,37.2,wearable-B,2026-08-07
PAC-0757,59,M,ASY,138,271,0,LVH,182,N,0.0,Up,0,95.6,52.3,36.7,holter-C,2026-08-23
PAC-0758,50,M,NAP,140,233,0,Normal,163,N,0.6,Flat,1,96.3,17.6,36.8,wearable-B,2026-08-10
PAC-0759,51,M,TA,125,213,0,LVH,125,Y,1.4,Up,0,98.0,66.9,36.1,wearable-A,2026-08-27
PAC-0760,54,M,ATA,192,283,0,LVH,195,N,0.0,Up,1,95.7,41.4,36.4,wearable-B,2026-08-03
PAC-0761,53,M,ASY,123,282,0,Normal,95,Y,2.0,Flat,1,96.9,28.3,37.0,wearable-B,2026-08-16
PAC-0762,52,M,ASY,112,230,0,Normal,160,N,0.0,Up,1,96.0,33.6,36.7,wearable-A,2026-08-05
PAC-0763,40,M,ASY,110,167,0,LVH,114,Y,2.0,Flat,1,96.1,19.0,36.0,wearable-B,2026-08-27
PAC-0764,58,M,NAP,132,224,0,LVH,173,N,3.2,Up,1,96.0,24.7,36.9,wearable-A,2026-08-13
PAC-0765,41,F,NAP,112,268,0,LVH,172,Y,0.0,Up,0,97.5,48.5,36.4,wearable-B,2026-08-21
PAC-0766,41,M,NAP,112,250,0,Normal,179,N,0.0,Up,0,94.3,69.7,37.0,holter-C,2026-08-27
PAC-0767,50,F,NAP,120,219,0,Normal,158,N,1.6,Flat,0,97.1,47.3,36.6,wearable-B,2026-08-17
PAC-0768,54,F,NAP,108,267,0,LVH,167,N,0.0,Up,0,96.2,62.7,36.7,holter-C,2026-08-02
PAC-0769,64,F,ASY,130,303,0,Normal,122,N,2.0,Flat,0,95.1,48.5,37.0,wearable-A,2026-08-07
PAC-0770,51,F,NAP,130,256,0,LVH,149,N,0.5,Up,0,99.5,58.0,36.3,holter-C,2026-08-07
PAC-0771,46,F,ATA,105,204,0,Normal,172,N,0.0,Up,0,99.6,53.3,36.3,holter-C,2026-08-28
PAC-0772,55,M,ASY,140,217,0,Normal,111,Y,5.6,Down,1,97.0,47.5,36.5,holter-C,2026-08-28
PAC-0773,45,M,ATA,128,308,0,LVH,170,N,0.0,Up,0,97.4,48.6,36.8,holter-C,2026-08-15
PAC-0774,56,M,TA,120,193,0,LVH,162,N,1.9,Flat,0,99.0,36.1,36.2,wearable-B,2026-08-27
PAC-0775,66,F,ASY,178,228,1,Normal,165,Y,1.0,Flat,1,95.0,20.4,36.1,wearable-B,2026-08-08
PAC-0776,38,M,TA,120,231,0,Normal,182,Y,3.8,Flat,1,95.3,30.6,36.8,holter-C,2026-08-21
PAC-0777,62,F,ASY,150,244,0,Normal,154,Y,1.4,Flat,1,93.4,22.0,36.4,holter-C,2026-08-12
PAC-0778,55,M,ATA,130,262,0,Normal,155,N,0.0,Up,0,97.6,59.9,36.5,wearable-B,2026-08-08
PAC-0779,58,M,ASY,128,259,0,LVH,130,Y,3.0,Flat,1,95.1,31.4,36.0,wearable-A,2026-08-08
PAC-0780,43,M,ASY,110,211,0,Normal,161,N,0.0,Up,0,95.0,83.5,36.4,wearable-A,2026-08-13
PAC-0781,64,F,ASY,180,325,0,Normal,154,Y,0.0,Up,0,96.9,34.1,36.6,wearable-A,2026-08-11
PAC-0782,50,F,ASY,110,254,0,LVH,159,N,0.0,Up,0,96.9,57.4,36.9,wearable-A,2026-08-07
PAC-0783,53,M,NAP,130,197,1,LVH,152,N,1.2,Down,0,99.7,41.5,36.4,wearable-A,2026-08-11
PAC-0784,45,F,ASY,138,236,0,LVH,152,Y,0.2,Flat,0,98.3,49.1,37.1,wearable-A,2026-08-04
PAC-0785,65,M,TA,138,282,1,LVH,174,N,1.4,Flat,1,95.0,38.7,36.4,holter-C,2026-08-30
PAC-0786,69,M,TA,160,234,1,LVH,131,N,0.1,Flat,0,97.4,27.1,36.4,wearable-A,2026-08-12
PAC-0787,69,M,NAP,140,254,0,LVH,146,N,2.0,Flat,1,95.1,39.8,37.1,wearable-B,2026-08-04
PAC-0788,67,M,ASY,100,299,0,LVH,125,Y,0.9,Flat,1,94.7,59.8,36.7,wearable-B,2026-08-18
PAC-0789,68,F,NAP,120,211,0,LVH,115,N,1.5,Flat,0,95.4,49.6,36.4,wearable-A,2026-08-27
PAC-0790,34,M,TA,118,182,0,LVH,174,N,0.0,Up,0,96.8,58.1,36.6,holter-C,2026-08-11
PAC-0791,62,F,ASY,138,294,1,Normal,106,N,1.9,Flat,1,93.9,49.3,37.0,holter-C,2026-08-26
PAC-0792,51,M,ASY,140,298,0,Normal,122,Y,4.2,Flat,1,93.1,35.0,37.0,holter-C,2026-08-19
PAC-0793,46,M,NAP,150,231,0,Normal,147,N,3.6,Flat,1,95.8,30.0,36.4,holter-C,2026-08-23
PAC-0794,67,M,ASY,125,254,1,Normal,163,N,0.2,Flat,1,95.6,10.0,36.6,wearable-B,2026-08-09
PAC-0795,50,M,NAP,129,196,0,Normal,163,N,0.0,Up,0,94.3,62.7,36.6,holter-C,2026-08-02
PAC-0796,42,M,NAP,120,240,1,Normal,194,N,0.8,Down,0,96.8,53.6,36.3,wearable-A,2026-08-11
PAC-0797,56,F,ASY,134,409,0,LVH,150,Y,1.9,Flat,1,96.5,24.8,36.6,holter-C,2026-08-28
PAC-0798,41,M,ASY,110,172,0,LVH,158,N,0.0,Up,1,96.6,38.5,36.6,holter-C,2026-08-24
PAC-0799,42,F,ASY,102,265,0,LVH,122,N,0.6,Flat,0,98.5,48.0,36.9,wearable-A,2026-08-24
PAC-0800,53,M,NAP,130,246,1,LVH,173,N,0.0,Up,0,97.1,48.7,37.0,wearable-B,2026-08-27
PAC-0801,43,M,NAP,130,315,0,Normal,162,N,1.9,Up,0,95.7,62.3,36.5,wearable-B,2026-08-12
PAC-0802,56,M,ASY,132,184,0,LVH,105,Y,2.1,Flat,1,93.4,20.9,36.5,wearable-A,2026-08-10
PAC-0803,52,M,ASY,108,233,1,Normal,147,N,0.1,Up,0,97.5,67.6,36.8,holter-C,2026-08-28
PAC-0804,62,F,ASY,140,394,0,LVH,157,N,1.2,Flat,0,97.6,38.2,36.4,wearable-A,2026-08-18
PAC-0805,70,M,NAP,160,269,0,Normal,112,Y,2.9,Flat,1,96.9,29.0,36.8,wearable-A,2026-08-09
PAC-0806,54,M,ASY,140,239,0,Normal,160,N,1.2,Up,0,98.6,78.1,36.6,wearable-A,2026-08-09
PAC-0807,70,M,ASY,145,174,0,Normal,125,Y,2.6,Down,1,94.8,50.5,36.3,holter-C,2026-08-27
PAC-0808,54,M,ATA,108,309,0,Normal,156,N,0.0,Up,0,95.1,56.2,36.3,wearable-A,2026-08-02
PAC-0809,35,M,ASY,126,282,0,LVH,156,Y,0.0,Up,1,94.5,25.7,37.0,wearable-B,2026-08-02
PAC-0810,48,M,NAP,124,255,1,Normal,175,N,0.0,Up,0,97.3,48.6,36.6,holter-C,2026-08-23
PAC-0811,55,F,ATA,135,250,0,LVH,161,N,1.4,Flat,0,96.7,55.9,37.1,wearable-A,2026-08-01
PAC-0812,58,F,ASY,100,248,0,LVH,122,N,1.0,Flat,0,96.1,55.5,36.4,holter-C,2026-08-06
PAC-0813,54,F,NAP,110,214,0,Normal,158,N,1.6,Flat,0,97.4,53.9,36.7,wearable-A,2026-08-30
PAC-0814,69,F,TA,140,239,0,Normal,151,N,1.8,Up,0,96.2,54.6,37.3,holter-C,2026-08-13
PAC-0815,77,M,ASY,125,304,0,LVH,162,Y,0.0,Up,1,94.1,34.4,36.3,wearable-A,2026-08-22
PAC-0816,68,M,NAP,118,277,0,Normal,151,N,1.0,Up,0,97.5,37.7,36.0,wearable-A,2026-08-15
PAC-0817,58,M,ASY,125,300,0,LVH,171,N,0.0,Up,1,94.4,30.8,37.0,holter-C,2026-08-03
PAC-0818,60,M,ASY,125,258,0,LVH,141,Y,2.8,Flat,1,95.4,48.0,36.4,holter-C,2026-08-06
PAC-0819,51,M,ASY,140,299,0,Normal,173,Y,1.6,Up,1,95.4,20.6,36.6,holter-C,2026-08-23
PAC-0820,55,M,ASY,160,289,0,LVH,145,Y,0.8,Flat,1,93.3,34.7,36.4,holter-C,2026-08-03
PAC-0821,52,M,TA,152,298,1,Normal,178,N,1.2,Flat,0,96.3,45.2,36.7,wearable-B,2026-08-18
PAC-0822,60,F,NAP,102,318,0,Normal,160,N,0.0,Up,0,99.2,56.3,36.3,wearable-A,2026-08-11
PAC-0823,58,M,NAP,105,240,0,LVH,154,Y,0.6,Flat,0,95.3,50.3,36.5,wearable-A,2026-08-12
PAC-0824,64,M,NAP,125,309,0,Normal,131,Y,1.8,Flat,1,91.8,54.7,36.7,wearable-B,2026-08-29
PAC-0825,37,M,NAP,130,250,0,Normal,187,N,3.5,Down,0,94.2,61.1,36.3,wearable-B,2026-08-19
PAC-0826,59,M,TA,170,288,0,LVH,159,N,0.2,Flat,1,95.0,21.3,36.4,wearable-B,2026-08-19
PAC-0827,51,M,NAP,125,245,1,LVH,166,N,2.4,Flat,0,97.0,63.1,36.5,wearable-A,2026-08-11
PAC-0828,43,F,NAP,122,213,0,Normal,165,N,0.2,Flat,0,96.8,45.7,36.2,wearable-B,2026-08-12
PAC-0829,58,M,ASY,128,216,0,LVH,131,Y,2.2,Flat,1,96.8,30.1,36.5,wearable-A,2026-08-21
PAC-0830,29,M,ATA,130,204,0,LVH,202,N,0.0,Up,0,93.0,58.8,36.6,wearable-A,2026-08-02
PAC-0831,41,F,ATA,130,204,0,LVH,172,N,1.4,Up,0,97.6,49.1,36.5,wearable-A,2026-08-08
PAC-0832,63,F,NAP,135,252,0,LVH,172,N,0.0,Up,0,99.3,65.7,36.5,wearable-B,2026-08-19
PAC-0833,51,M,NAP,94,227,0,Normal,154,Y,0.0,Up,0,95.3,45.7,36.6,wearable-B,2026-08-19
PAC-0834,54,M,NAP,120,258,0,LVH,147,N,0.4,Flat,0,96.4,47.6,36.4,wearable-A,2026-08-03
PAC-0835,44,M,ATA,120,220,0,Normal,170,N,0.0,Up,0,95.9,47.1,36.8,wearable-B,2026-08-24
PAC-0836,54,M,ASY,110,239,0,Normal,126,Y,2.8,Flat,1,93.7,30.2,37.0,wearable-A,2026-08-17
PAC-0837,65,M,ASY,135,254,0,LVH,127,N,2.8,Flat,1,94.5,50.2,36.5,wearable-A,2026-08-08
PAC-0838,57,M,NAP,150,168,0,Normal,174,N,1.6,Up,0,99.1,62.5,36.7,wearable-A,2026-08-23
PAC-0839,63,M,ASY,130,330,1,LVH,132,Y,1.8,Up,1,97.8,57.5,36.5,wearable-B,2026-08-30
PAC-0840,35,F,ASY,138,183,0,Normal,182,N,1.4,Up,0,96.5,82.2,36.7,holter-C,2026-08-13
PAC-0841,41,M,ATA,135,203,0,Normal,132,N,0.0,Flat,0,99.9,42.6,37.1,wearable-A,2026-08-09
PAC-0842,62,F,NAP,130,263,0,Normal,97,N,1.2,Flat,1,95.1,37.8,36.8,wearable-A,2026-08-09
PAC-0843,43,F,ASY,132,341,1,LVH,136,Y,3.0,Flat,1,97.6,22.9,36.1,wearable-A,2026-08-18
PAC-0844,58,F,TA,150,283,1,LVH,162,N,1.0,Up,0,96.9,45.7,36.7,wearable-B,2026-08-02
PAC-0845,52,M,TA,118,186,0,LVH,190,N,0.0,Flat,0,97.2,47.4,37.0,holter-C,2026-08-15
PAC-0846,61,F,ASY,145,307,0,LVH,146,Y,1.0,Flat,1,95.5,24.3,36.5,wearable-A,2026-08-01
PAC-0847,39,M,ASY,118,219,0,Normal,140,N,1.2,Flat,1,99.8,24.4,36.9,wearable-B,2026-08-02
PAC-0848,45,M,ASY,115,260,0,LVH,185,N,0.0,Up,0,98.3,53.3,36.4,holter-C,2026-08-13
PAC-0849,52,M,ASY,128,255,0,Normal,161,Y,0.0,Up,1,93.9,22.4,36.2,holter-C,2026-08-23
PAC-0850,62,M,NAP,130,231,0,Normal,146,N,1.8,Flat,0,98.5,65.1,36.6,wearable-B,2026-08-27
PAC-0851,62,F,ASY,160,164,0,LVH,145,N,6.2,Down,1,94.5,26.0,36.1,holter-C,2026-08-03
PAC-0852,53,F,ASY,138,234,0,LVH,160,N,0.0,Up,0,96.3,88.7,36.5,holter-C,2026-08-08
PAC-0853,43,M,ASY,120,177,0,LVH,120,Y,2.5,Flat,1,96.4,31.6,37.0,holter-C,2026-08-13
PAC-0854,47,M,NAP,138,257,0,LVH,156,N,0.0,Up,0,97.0,55.9,36.0,wearable-A,2026-08-18
PAC-0855,52,M,ATA,120,325,0,Normal,172,N,0.2,Up,0,97.4,39.5,36.2,wearable-A,2026-08-30
PAC-0856,68,M,NAP,180,274,1,LVH,150,Y,1.6,Flat,1,95.0,57.5,36.3,wearable-A,2026-08-21
PAC-0857,39,M,NAP,140,321,0,LVH,182,N,0.0,Up,0,97.5,68.4,36.6,holter-C,2026-08-17
PAC-0858,53,F,ASY,130,264,0,LVH,143,N,0.4,Flat,0,97.6,58.6,36.5,wearable-B,2026-08-02
PAC-0859,62,F,ASY,140,268,0,LVH,160,N,3.6,Down,1,92.1,20.8,37.0,wearable-A,2026-08-03
PAC-0860,51,F,NAP,140,308,0,LVH,142,N,1.5,Up,0,98.0,57.5,36.9,wearable-B,2026-08-05
PAC-0861,60,M,ASY,130,253,0,Normal,144,Y,1.4,Up,1,93.5,23.5,36.7,wearable-A,2026-08-20
PAC-0862,65,M,ASY,110,248,0,LVH,158,N,0.6,Up,1,92.8,54.5,36.6,holter-C,2026-08-10
PAC-0863,65,F,NAP,155,269,0,Normal,148,N,0.8,Up,0,96.9,64.7,36.7,wearable-B,2026-08-08
PAC-0864,60,M,NAP,140,185,0,LVH,155,N,3.0,Flat,1,95.1,38.1,36.3,holter-C,2026-08-21
PAC-0865,60,M,ASY,145,282,0,LVH,142,Y,2.8,Flat,1,94.0,10.0,36.9,wearable-A,2026-08-25
PAC-0866,54,M,ASY,120,188,0,Normal,113,N,1.4,Flat,1,96.2,25.2,36.3,wearable-B,2026-08-14
PAC-0867,44,M,ATA,130,219,0,LVH,188,N,0.0,Up,0,95.0,63.3,36.9,wearable-A,2026-08-27
PAC-0868,44,M,ASY,112,290,0,LVH,153,N,0.0,Up,1,94.4,51.6,37.0,holter-C,2026-08-23
PAC-0869,51,M,NAP,110,175,0,Normal,123,N,0.6,Up,0,96.1,68.3,36.7,wearable-B,2026-08-22
PAC-0870,59,M,NAP,150,212,1,Normal,157,N,1.6,Up,0,96.9,35.9,36.5,wearable-B,2026-08-27
PAC-0871,71,F,ATA,160,302,0,Normal,162,N,0.4,Up,0,97.4,58.6,36.7,wearable-B,2026-08-06
PAC-0872,61,M,NAP,150,243,1,Normal,137,Y,1.0,Flat,0,95.5,67.2,35.7,wearable-A,2026-08-23
PAC-0873,55,M,ASY,132,353,0,Normal,132,Y,1.2,Flat,1,96.1,17.1,36.7,holter-C,2026-08-29
PAC-0874,64,M,NAP,140,335,0,Normal,158,N,0.0,Up,1,95.1,36.9,36.6,wearable-B,2026-08-30
PAC-0875,43,M,ASY,150,247,0,Normal,171,N,1.5,Up,0,94.2,58.3,36.6,holter-C,2026-08-18
PAC-0876,58,F,NAP,120,340,0,Normal,172,N,0.0,Up,0,94.1,51.4,36.8,wearable-A,2026-08-23
PAC-0877,60,M,ASY,130,206,0,LVH,132,Y,2.4,Flat,1,95.0,14.8,36.6,wearable-A,2026-08-27
PAC-0878,58,M,ATA,120,284,0,LVH,160,N,1.8,Flat,1,94.7,33.1,36.3,holter-C,2026-08-26
PAC-0879,49,M,ATA,130,266,0,Normal,171,N,0.6,Up,0,96.8,51.1,36.6,wearable-A,2026-08-27
PAC-0880,48,M,ATA,110,229,0,Normal,168,N,1.0,Down,1,95.0,35.2,36.6,wearable-A,2026-08-25
PAC-0881,52,M,NAP,172,199,1,Normal,162,N,0.5,Up,0,97.3,48.2,36.6,holter-C,2026-08-12
PAC-0882,44,M,ATA,120,263,0,Normal,173,N,0.0,Up,0,98.4,49.7,36.6,wearable-A,2026-08-22
PAC-0883,56,F,ATA,140,294,0,LVH,153,N,1.3,Flat,0,95.3,54.5,36.9,wearable-A,2026-08-13
PAC-0884,57,M,ASY,140,192,0,Normal,148,N,0.4,Flat,0,95.2,60.3,36.3,wearable-B,2026-08-25
PAC-0885,67,M,ASY,160,286,0,LVH,108,Y,1.5,Flat,1,93.4,33.3,36.7,wearable-A,2026-08-25
PAC-0886,53,F,NAP,128,216,0,LVH,115,N,0.0,Up,0,97.4,50.1,37.0,wearable-A,2026-08-29
PAC-0887,52,M,NAP,138,223,0,Normal,169,N,0.0,Up,0,98.9,56.1,36.1,wearable-A,2026-08-18
PAC-0888,43,M,ASY,132,247,1,LVH,143,Y,0.1,Flat,1,94.4,13.9,36.7,wearable-A,2026-08-15
PAC-0889,52,M,ASY,128,204,1,Normal,156,Y,1.0,Flat,1,91.2,42.7,36.4,wearable-A,2026-08-05
PAC-0890,59,M,TA,134,204,0,Normal,162,N,0.8,Up,1,92.4,37.0,36.5,holter-C,2026-08-20
PAC-0891,64,M,TA,170,227,0,LVH,155,N,0.6,Flat,0,95.8,55.5,36.3,wearable-A,2026-08-17
PAC-0892,66,F,NAP,146,278,0,LVH,152,N,0.0,Flat,0,96.2,66.5,36.5,wearable-A,2026-08-16
PAC-0893,39,F,NAP,138,220,0,Normal,152,N,0.0,Flat,0,96.4,31.6,37.2,wearable-A,2026-08-21
PAC-0894,57,M,ATA,154,232,0,LVH,164,N,0.0,Up,1,95.1,13.3,36.2,wearable-B,2026-08-26
PAC-0895,58,F,ASY,130,197,0,Normal,131,N,0.6,Flat,0,96.5,58.3,36.2,holter-C,2026-08-05
PAC-0896,57,M,ASY,110,335,0,Normal,143,Y,3.0,Flat,1,96.6,36.9,36.2,wearable-B,2026-08-13
PAC-0897,47,M,NAP,130,253,0,Normal,179,N,0.0,Up,0,96.0,57.0,37.1,wearable-A,2026-08-22
PAC-0898,55,F,ASY,128,205,0,ST,130,Y,2.0,Flat,1,93.7,31.5,36.5,wearable-A,2026-08-25
PAC-0899,35,M,ATA,122,192,0,Normal,174,N,0.0,Up,0,97.7,63.0,36.6,wearable-B,2026-08-24
PAC-0900,61,M,ASY,148,203,0,Normal,161,N,0.0,Up,1,92.7,48.2,36.5,wearable-A,2026-08-24
PAC-0901,58,M,ASY,114,318,0,ST,140,N,4.4,Down,1,95.6,42.8,36.3,holter-C,2026-08-26
PAC-0902,58,F,ASY,170,225,1,LVH,146,Y,2.8,Flat,1,95.2,33.9,36.5,holter-C,2026-08-29
PAC-0903,58,M,ATA,125,220,0,Normal,144,N,0.4,Flat,0,96.8,29.7,37.3,wearable-B,2026-08-19
PAC-0904,56,M,ATA,130,221,0,LVH,163,N,0.0,Up,0,99.4,64.2,37.0,holter-C,2026-08-08
PAC-0905,56,M,ATA,120,240,0,Normal,169,N,0.0,Down,0,96.1,69.7,36.3,wearable-A,2026-08-17
PAC-0906,67,M,NAP,152,212,0,LVH,150,N,0.8,Flat,1,98.1,44.7,36.8,wearable-A,2026-08-22
PAC-0907,55,F,ATA,132,342,0,Normal,166,N,1.2,Up,0,96.7,44.4,36.4,holter-C,2026-08-04
PAC-0908,44,M,ASY,120,169,0,Normal,144,Y,2.8,Down,1,93.1,45.1,36.1,holter-C,2026-08-23
PAC-0909,63,M,ASY,140,187,0,LVH,144,Y,4.0,Up,1,95.1,47.3,36.9,wearable-A,2026-08-17
PAC-0910,63,F,ASY,124,197,0,Normal,136,Y,0.0,Flat,1,93.4,55.7,36.9,wearable-B,2026-08-29
PAC-0911,41,M,ATA,120,157,0,Normal,182,N,0.0,Up,0,95.9,44.5,36.9,wearable-A,2026-08-07
PAC-0912,59,M,ASY,164,176,1,LVH,90,N,1.0,Flat,1,95.6,34.3,36.5,wearable-B,2026-08-28
PAC-0913,57,F,ASY,140,241,0,Normal,123,Y,0.2,Flat,1,95.8,46.0,36.5,holter-C,2026-08-14
PAC-0914,45,M,TA,110,264,0,Normal,132,N,1.2,Flat,1,94.1,37.7,36.8,holter-C,2026-08-18
PAC-0915,68,M,ASY,144,193,1,Normal,141,N,3.4,Flat,1,96.5,23.6,36.7,wearable-B,2026-08-20
PAC-0916,57,M,ASY,130,131,0,Normal,115,Y,1.2,Flat,1,96.7,42.0,36.5,holter-C,2026-08-18
PAC-0917,57,F,ATA,130,236,0,LVH,174,N,0.0,Flat,1,97.2,43.9,36.1,wearable-B,2026-08-28
PAC-0918,38,M,NAP,138,175,0,Normal,173,N,0.0,Up,0,97.8,56.1,36.6,holter-C,2026-08-06
