"Sintoma 1","Sintoma 2","Doenca Associada"
"fraqueza da face","dificuldade para falar","AVC"
"dor no peito","suor frio","Infarto"
"visão embaçada","tonturas","Hipertensão"
"dor no abdome","mal-estar súbito","Infarto"
"dificuldade para compreender","dor de cabeça intensa","AVC"
"cansaço constante","fadiga","Insuficiência Cardíaca"
"dores no peito","zumbido no ouvido","Hipertensão"
"dor no braço esquerdo","palidez","Infarto"
"fraqueza dos membros","dificuldade para falar","AVC"
"sangramento nasal","fraqueza","Hipertensão"
"desconforto no centro do peito","suor frio","Infarto"
"dor de cabeça intensa","desmaio","AVC"
"falta de ar","dificuldade para respirar","Angina"
"dor no rosto","suor frio","Infarto"
"zumbido no ouvido","tonturas","Hipertensão"
"confusão","problemas de equilíbrio","AVC"
"peso sobre o tórax","náuseas","Infarto"
"dor de cabeça","visão embaçada","Hipertensão"
"dificuldade visual","dormência","AVC"
"dor no peito","dor nas costas","Infarto"
"fraqueza da face","confusão","AVC"
"dor na mandíbula","sensação de desmaio","Infarto"
"tonturas","sangramento nasal","Hipertensão"
"problemas de coordenação","problemas de equilíbrio","AVC"
"desconforto nos braços","falta de ar","Infarto"
"dor de cabeça","zumbido no ouvido","Hipertensão"
"dificuldade para falar","confusão","AVC"
"mal-estar súbito","falta de ar","Infarto"
"zumbido no ouvido","fraqueza","Hipertensão"
"fraqueza dos membros","dificuldade para compreender","AVC"
"dor no abdome","falta de ar","Infarto"
"dores no peito","dor de cabeça","Hipertensão"
"dificuldade visual","problemas de coordenação","AVC"
"dor nas costas","suor frio","Infarto"
"fraqueza","dores no peito","Hipertensão"
"dor no ombro esquerdo","náuseas","Infarto"
"dormência","confusão","AVC"
"aperto sobre o tórax","sensação de desmaio","Infarto"
"visão embaçada","dor de cabeça","Hipertensão"
"problemas de equilíbrio","desmaio","AVC"
"dor nos cotovelos","desmaio","Infarto"
"tonturas","fraqueza","Hipertensão"
"dor de cabeça intensa","fraqueza da face","AVC"
"peso sobre o tórax","dificuldade respiratória","Infarto"
"sangramento nasal","tonturas","Hipertensão"
"dificuldade para compreender","desmaio","AVC"
"desconforto no ombro esquerdo","palidez","Infarto"
"visão embaçada","sangramento nasal","Hipertensão"
"dor de cabeça intensa","problemas de equilíbrio","AVC"
"desconforto nos cotovelos","sensação de desmaio","Infarto"
"fadiga","cansaço constante","Insuficiência Cardíaca"
"dificuldade visual","desmaio","AVC"
"desconforto na mandíbula","náuseas","Infarto"
"sangramento nasal","dores no peito","Hipertensão"
"fraqueza da face","problemas de coordenação","AVC"
"desconforto nas costas","mal-estar súbito","Infarto"
"tonturas","dor de cabeça","Hipertensão"
"dormência","dificuldade visual","AVC"
"dificuldade respiratória","dor no peito","Infarto"
"dor de cabeça","fraqueza","Hipertensão"
"confusão","fraqueza dos membros","AVC"
"dor no braço esquerdo","dor no braço direito","Infarto"
"zumbido no ouvido","visão embaçada","Hipertensão"
"problemas de equilíbrio","dificuldade para falar","AVC"
"peso sobre o tórax","suor frio","Infarto"
"dores no peito","tonturas","Hipertensão"
"dor de cabeça intensa","dormência","AVC"
"aperto sobre o tórax","palidez","Infarto"
"dificuldade para respirar","falta de ar","Angina"
"dor no abdome","sensação de desmaio","Infarto"
"fraqueza da face","desmaio","AVC"
"mal-estar súbito","náuseas","Infarto"
"fraqueza dos membros","dor de cabeça intensa","AVC"
"dor no rosto","náuseas","Infarto"
"dormência","problemas de coordenação","AVC"
"dor no braço direito","falta de ar","Infarto"
"dificuldade para falar","dificuldade visual","AVC"
"dor no peito","palidez","Infarto"
"falta de ar","sensação de desmaio","Infarto"
"dor no peito","náuseas","Infarto"